Posted Date,Letter Issue Date,Company Name,Issuing Office,Subject,Response Letter,Closeout Letter
12/20/2023,12/20/2023,Vaproma Inc.,Center for Tobacco Products,Family Smoking Prevention and Tobacco Control Act/Adulterated/Misbranded,,
12/20/2023,12/20/2023,Vape-X Club,Center for Tobacco Products,Family Smoking Prevention and Tobacco Control Act/Adulterated/Misbranded,,
12/20/2023,12/20/2023,Disposable Vapez,Center for Tobacco Products,Family Smoking Prevention and Tobacco Control Act/Adulterated/Misbranded,,
12/21/2023,12/21/2023,My Vape Shack,Center for Tobacco Products,Family Smoking Prevention and Tobacco Control Act/Adulterated/Misbranded,,
10/10/2023,10/02/2023,"Seoul Cosmetics Co., Ltd.",Center for Drug Evaluation and Research | CDER,CGMP/Finished Pharmaceuticals/Unapproved New Drug/Misbranded/Adulterated,,
01/31/2023,01/30/2023,Fei Fah Medical Manufacturing Pte. Ltd.,Center for Drug Evaluation and Research | CDER,CGMP/Finished Pharmaceuticals/Adulterated,,
10/10/2023,08/24/2023,Tijuana’s Produce Inc.,Division of West Coast Imports,Foreign Supplier Verification Program (FSVP),,
10/10/2023,08/07/2023,Ikal LLC,Division of Southwest Imports,Foreign Supplier Verification Program (FSVP),,
10/10/2023,09/29/2023,Kari-Fresh LLC,Division of Southwest Imports,Foreign Supplier Verification Program (FSVP),,
10/10/2023,09/08/2023,Shantaba LLC,Division of Southwest Imports,Foreign Supplier Verification Program (FSVP),,
07/04/2023,06/26/2023,Lydia Co. Ltd.,Center for Drug Evaluation and Research | CDER,Failure to Register and List,,08/23/2023
08/17/2023,08/17/2023,Wise Vice LLC dba Wise Vice Vapors,Center for Tobacco Products,Family Smoking Prevention and Tobacco Control Act/Adulterated/Misbranded,,
08/17/2023,08/17/2023,Vaper Generation LLC,Center for Tobacco Products,Family Smoking Prevention and Tobacco Control Act/Adulterated/Misbranded,,
10/12/2023,10/12/2023,"Born Blessed Enterprises, LLC d/b/a One Stop Vape Shop",Center for Tobacco Products,Family Smoking Prevention and Tobacco Control Act/Adulterated/Misbranded,,
10/12/2023,10/12/2023,Caribbean Cloud Dot Com d/b/a Gorilla Vapes of Forest,Center for Tobacco Products,Family Smoking Prevention and Tobacco Control Act/Adulterated/Misbranded,,
10/12/2023,10/12/2023,JP Ventures LLC dba iVape,Center for Tobacco Products,Family Smoking Prevention and Tobacco Control Act/Adulterated/Misbranded,,
10/13/2023,10/12/2023,"IOC Marketing, LLC d/b/a eCig Source",Center for Tobacco Products,Family Smoking Prevention and Tobacco Control Act/Adulterated/Misbranded,,
08/30/2023,08/30/2023,"Perrigo Wisconsin, LLC",HUMAN AND ANIMAL FOOD WEST I COMPLIANCE BRANCH (HAFW1-CB),CGMP/Quality Control/Adulterated/Infant Formula,,
10/17/2023,10/05/2023,"Lathem Family Farms, Inc.",Division of Human and Animal Food Operations East III,Food/Egg/Prepared Packed or Held Under Insanitary Conditions/Adulterated,,
10/17/2023,09/19/2023,"Hygienic Labs, LLC",Center for Drug Evaluation and Research | CDER,Refusal to Provide Access to and Copying of Records,,
10/17/2023,10/04/2023,"Handock Cosmetics Co., Ltd.",Center for Drug Evaluation and Research | CDER,CGMP/Finished Pharmaceuticals/Adulterated/Misbranded/Failure to Register/Unapproved New Drug,,
08/22/2023,05/25/2023,"Eco Food Distribution, LLC",Division of Northern Border Imports,Foreign Supplier Verification Program (FSVP),,
08/22/2023,06/26/2023,Lone Pine Farm,Division of Human and Animal Food Operations West II,PHS Act/Shell Egg Regulation/Adulterated,,
08/01/2023,06/01/2023,RenatiLabs Inc.,Division of Biological Products Operations I,"Deviations/CFR/Regulations for Human Cells, Tissues & Cellular Products (HCT/Ps)",,
08/22/2023,08/18/2023,"Thrasio, LLC D/B/A ZymaDerm",Center for Drug Evaluation and Research | CDER,Unapproved New Drugs/Misbranded,,
08/22/2023,08/18/2023,"MolluscumRx, Inc.",Center for Drug Evaluation and Research | CDER,Unapproved New Drugs/Misbranded,,
08/22/2023,08/18/2023,"Walmart, Inc",Center for Drug Evaluation and Research | CDER,Unapproved New Drugs/Misbranded,,
08/22/2023,08/14/2023,"K. Boeun Pharmaceutical Co., Ltd.",Center for Drug Evaluation and Research | CDER,CGMP/Finished Pharmaceuticals/Adulterated,,
08/22/2023,08/18/2023,"Amazon.com, Inc",Center for Drug Evaluation and Research | CDER,Unapproved New Drugs/Misbranded,,
08/22/2023,08/08/2023,"Angela M. Stupi, M.D.",Center for Drug Evaluation and Research | CDER,Clinical Investigator,,
08/22/2023,08/18/2023,"Nature’s Innovation, Inc.",Center for Drug Evaluation and Research | CDER,Unapproved New Drugs/Misbranded,,
08/11/2023,08/11/2023,Amarillo Snuff Co.,Center for Tobacco Products,Family Smoking Prevention and Tobacco Control Act/Adulterated/Misbranded,,
08/10/2023,08/10/2023,Illumivaption Inc. dba Nashville Vapor,Center for Tobacco Products,Family Smoking Prevention and Tobacco Control Act/Adulterated/Misbranded,,
08/10/2023,08/10/2023,Game Trader,Center for Tobacco Products,Family Smoking Prevention and Tobacco Control Act/Adulterated/Misbranded,,
08/23/2023,08/23/2023,VR Products I LLC d/b/a eJuiceDB,Center for Tobacco Products,Family Smoking Prevention and Tobacco Control Act/Adulterated/Misbranded,,
08/23/2023,08/23/2023,Titan Star Resources Sdn Bhd. d/b/a Vape Vandal Ltd.,Center for Tobacco Products,Family Smoking Prevention and Tobacco Control Act/Adulterated/Misbranded,,
08/23/2023,08/23/2023,Vapesstores.com,Center for Tobacco Products,Family Smoking Prevention and Tobacco Control Act/Adulterated/Misbranded,,
08/23/2023,08/23/2023,Vapestore.to,Center for Tobacco Products,Family Smoking Prevention and Tobacco Control Act/Adulterated/Misbranded,,
08/23/2023,08/23/2023,Venture Concepts Group LLC d/b/a High Light Vape Co.,Center for Tobacco Products,Family Smoking Prevention and Tobacco Control Act/Adulterated/Misbranded,,
08/23/2023,08/23/2023,Best Vapes Store,Center for Tobacco Products,Family Smoking Prevention and Tobacco Control Act/Adulterated/Misbranded,,
08/23/2023,08/23/2023,"Apex Vape, Inc",Center for Tobacco Products,Family Smoking Prevention and Tobacco Control Act/Adulterated/Misbranded,,
08/23/2023,08/23/2023,StrikesUSA,Center for Tobacco Products,Family Smoking Prevention and Tobacco Control Act/Adulterated/Misbranded,,
08/23/2023,08/23/2023,Mochivap,Center for Tobacco Products,Family Smoking Prevention and Tobacco Control Act/Adulterated/Misbranded,,
08/23/2023,08/23/2023,Finest Ounce Vape Store d/b/a Finest Ounce Vape Malaysia,Center for Tobacco Products,Family Smoking Prevention and Tobacco Control Act/Adulterated/Misbranded,,
08/23/2023,08/23/2023,Spongebob Vape,Center for Tobacco Products,Family Smoking Prevention and Tobacco Control Act/Adulterated/Misbranded,,
08/23/2023,08/23/2023,Mini Cup Vape,Center for Tobacco Products,Family Smoking Prevention and Tobacco Control Act/Adulterated/Misbranded,,
08/23/2023,08/23/2023,Vape123,Center for Tobacco Products,Family Smoking Prevention and Tobacco Control Act/Adulterated/Misbranded,,
08/23/2023,08/23/2023,Viper Vapor LLC d/b/a Viper Vapor Kelso LLC,Center for Tobacco Products,Family Smoking Prevention and Tobacco Control Act/Adulterated/Misbranded,,
08/22/2023,03/16/2023,Sol-ti Inc.,Division of Human and Animal Food Operations West V,Juice HACCP/CGMP for Foods/Adulterated/Insanitary Conditions,,
08/22/2023,08/08/2023,International Laboratories Corp. Ltd.,Center for Drug Evaluation and Research | CDER,CGMP/Finished Pharmaceuticals/Adulterated,,
08/22/2023,08/18/2023,Molluscumaway LLC,Center for Drug Evaluation and Research | CDER,Unapproved New Drugs/Misbranded,,
08/22/2023,05/18/2023,"Seafood Brothers Inc., DBA G & L Seafood Inc.",Division of West Coast Imports,Seafood HACCP/CGMP for Foods/Adulterated/Insanitary Conditions,,
08/22/2023,08/15/2023,"FVD Produce, LLC",Division of Southwest Imports,Foreign Supplier Verification Program (FSVP),,
08/22/2023,06/12/2023,Moises Gardea,Division of Southwest Imports,Foreign Supplier Verification Program (FSVP),,
11/02/2023,11/02/2023,Wolfe Trading Company LLC d/b/a East Coast Vapors,Center for Tobacco Products,Family Smoking Prevention and Tobacco Control Act/Adulterated/Misbranded,,
11/02/2023,11/02/2023,8OHM1 d/b/a Digital Smoke,Center for Tobacco Products,Family Smoking Prevention and Tobacco Control Act/Adulterated/Misbranded,,
11/02/2023,11/02/2023,Velvet Vapor,Center for Tobacco Products,Family Smoking Prevention and Tobacco Control Act/Adulterated/Misbranded,,
11/02/2023,11/02/2023,Jams Vaporium,Center for Tobacco Products,Family Smoking Prevention and Tobacco Control Act/Adulterated/Misbranded,,
10/19/2023,10/19/2023,"KL Labs, LLC, d/b/a Known Distro",Center for Tobacco Products,Family Smoking Prevention and Tobacco Control Act/Adulterated/Misbranded,,
10/20/2023,10/19/2023,The Vapery LLC d/b/a the Vapery,Center for Tobacco Products,Family Smoking Prevention and Tobacco Control Act/Adulterated/Misbranded,,
10/20/2023,10/19/2023,Vegas Vapor Emporium,Center for Tobacco Products,Family Smoking Prevention and Tobacco Control Act/Adulterated/Misbranded,,
10/20/2023,10/19/2023,Great Vapes,Center for Tobacco Products,Family Smoking Prevention and Tobacco Control Act/Adulterated/Misbranded,,
10/26/2023,10/26/2023,Cajun Vapes LLC,Center for Tobacco Products,Family Smoking Prevention and Tobacco Control Act/Adulterated/Misbranded,,
10/26/2023,10/26/2023,"FF Vapors, LLC",Center for Tobacco Products,Family Smoking Prevention and Tobacco Control Act/Adulterated/Misbranded,,
10/26/2023,10/26/2023,Trippy Drips LLC,Center for Tobacco Products,Family Smoking Prevention and Tobacco Control Act/Adulterated/Misbranded,,
11/14/2023,10/20/2023,Global Pharma Healthcare Private Limited,Center for Drug Evaluation and Research | CDER,CGMP/Finished Pharmaceuticals/Adulterated/Misbranded,,
11/14/2023,11/13/2023,"Amazon.com, Inc.",Center for Drug Evaluation and Research | CDER,Unapproved New Drugs/Misbranded,,
11/14/2023,06/01/2023,Ming Fai Industrial Co LTD,Center for Devices and Radiological Health,CGMP/QSR/Medical Devices/Adulterated,,
11/14/2023,10/12/2023,"American Distribution and Manufacturing Co., LLC",Division of Northern Border Imports,Foreign Supplier Verification Program (FSVP),,
11/14/2023,10/18/2023,Natural Relief Inc.,Division of Human and Animal Food Operations East V,Unapproved New Drugs/Misbranded,,
11/14/2023,11/06/2023,Saruhan Kimya Ve Temizlik Urunleri Sanayi Ticaret Anonim Sirketi Corlu Subesi,Center for Drug Evaluation and Research | CDER,CGMP/Finished Pharmaceuticals/Adulterated,,
11/14/2023,11/08/2023,Wello Inc.,Center for Devices and Radiological Health,CGMP/QSR/Medical Devices/Misbranded,,
11/07/2023,11/07/2023,"Nic Nac Naturals, LLC",Center for Tobacco Products,Family Smoking Prevention and Tobacco Control Act/Adulterated/Misbranded,,
11/07/2023,10/23/2023,ADM Animal Nutrition,Division of Human and Animal Food Operations East VI,CGMP/Animal Food/Adulterated,,
11/09/2023,11/09/2023,Dieselbycg-Hometown Vape Lounge,Center for Tobacco Products,Family Smoking Prevention and Tobacco Control Act/Adulterated/Misbranded,,
11/09/2023,11/09/2023,Toe Toe Inc d/b/a Juana Vape,Center for Tobacco Products,Family Smoking Prevention and Tobacco Control Act/Adulterated/Misbranded,,
11/09/2023,11/08/2023,VapeOtine,Center for Tobacco Products,Family Smoking Prevention and Tobacco Control Act/Adulterated/Misbranded,,
11/09/2023,11/08/2023,"Golden Leaf, LLC d/b/a Golden Leaf Shop",Center for Tobacco Products,Family Smoking Prevention and Tobacco Control Act/Adulterated/Misbranded,,
11/09/2023,11/08/2023,Top Notch Smoke Shop LLC,Center for Tobacco Products,Family Smoking Prevention and Tobacco Control Act/Adulterated/Misbranded,,
11/09/2023,11/08/2023,Vaporama,Center for Tobacco Products,Family Smoking Prevention and Tobacco Control Act/Adulterated/Misbranded,,
11/09/2023,11/08/2023,"Vapor Authority, Inc.",Center for Tobacco Products,Family Smoking Prevention and Tobacco Control Act/Adulterated/Misbranded,,
11/09/2023,11/08/2023,"Online Guru, LLC d/b/a Vapor Puffs",Center for Tobacco Products,Family Smoking Prevention and Tobacco Control Act/Adulterated/Misbranded,,
11/09/2023,11/08/2023,The Vape Spot,Center for Tobacco Products,Family Smoking Prevention and Tobacco Control Act/Adulterated/Misbranded,,
11/30/2023,11/30/2023,"HiggyCigs, LLC d/b/a Viral Vapes",Center for Tobacco Products,Family Smoking Prevention and Tobacco Control Act/Adulterated/Misbranded,,
11/30/2023,11/30/2023,"HiggyCigs, LLC d/b/a Viral Vapes",Center for Tobacco Products,Family Smoking Prevention and Tobacco Control Act/Adulterated/Misbranded,,
11/30/2023,11/30/2023,HiggyCigs LLC d/b/a Viral Vapes,Center for Tobacco Products,Family Smoking Prevention and Tobacco Control Act/Adulterated/Misbranded,,
12/05/2023,09/28/2023,"GCHNC LLC dba Hemp XR/Gate City Hemp dba Hemp XR/Allaziya Enterprises, LLC dba Hemp XR",Center for Food Safety and Applied Nutrition (CFSAN),Premarket Approval/Adulterated,,
12/05/2023,12/01/2023,Belmont Eyecare LLC,Center for Drug Evaluation and Research | CDER,Finished Pharmaceuticals/Unapproved New Drug,,
10/05/2023,10/05/2023,Be Smokeless LLC d/b/a Southwest Smokeless,Center for Tobacco Products,Family Smoking Prevention and Tobacco Control Act/Adulterated/Misbranded,,
10/05/2023,10/05/2023,Cloud House Vape,Center for Tobacco Products,Family Smoking Prevention and Tobacco Control Act/Adulterated/Misbranded,,
10/05/2023,10/05/2023,Rochester Smoke Shop Inc,Center for Tobacco Products,Family Smoking Prevention and Tobacco Control Act/Adulterated/Misbranded,,
10/05/2023,10/05/2023,"Safa Goods, LLC",Center for Tobacco Products,Family Smoking Prevention and Tobacco Control Act/Adulterated/Misbranded,,
10/06/2023,10/06/2023,"D&A Distribution, LLC d/b/a Strictly E-cig",Center for Tobacco Products,Family Smoking Prevention and Tobacco Control Act/Adulterated/Misbranded,,
10/10/2023,09/19/2023,Abiomed Inc.,Division of Medical Device and Radiological Health Operations East,CGMP/QSR/Medical Devices/PMA/Adulterated/Misbranded,,
10/10/2023,10/02/2023,www.gorillahealing.com,Center for Drug Evaluation and Research | CDER,Finished Pharmaceuticals/Unapproved New Drug/Misbranded,,
10/10/2023,09/26/2023,"Antonio E. Blanco, M.D./Vista Health Research, LLC",Center for Drug Evaluation and Research | CDER,Clinical Investigator,,
10/10/2023,10/02/2023,www.semaspace.com,Center for Drug Evaluation and Research | CDER,Finished Pharmaceuticals/Unapproved New Drug/Misbranded,,
10/10/2023,09/29/2023,www.alphamedstore.com,Center for Drug Evaluation and Research | CDER,Finished Pharmaceuticals/Unapproved New Drug/Misbranded,,
10/10/2023,08/28/2023,MKK Imports,Division of West Coast Imports,Foreign Supplier Verification Program (FSVP),,
04/18/2023,03/31/2023,"Belmar Pharma Solutions, Drug Depot, LLC., dba APS Pharmacy",Division of Pharmaceutical Quality Operations II,Compounding Pharmacy/Adulterated Drug Products,,10/30/2023
10/16/2023,10/16/2023,Sun Pharmaceutical Industries Ltd.,Center for Drug Evaluation and Research | CDER,CGMP/Active Pharmaceutical Ingredient (API)/Adulterated,,
10/31/2023,03/30/2023,"ALI Pharmaceutical Manufacturing, LLC",Division of Pharmaceutical Quality Operations III,CGMP/Active Pharmaceutical Ingredient (API)/Adulterated,,
10/31/2023,10/20/2023,"Samm Solutions, Inc., d.b.a. BTS Research",Center for Drug Evaluation and Research | CDER,Good Laboratory Practice (GLP) for Nonclinical Laboratory Studies,,
10/31/2023,10/20/2023,WAVi Co.,Division of Medical Device and Radiological Health Operations West,Investigational Device Exemptions (IDE)/Premarket Approval Application (PMA) Adulterated Device,,
10/31/2023,10/20/2023,"Maria W. Greenwald, M.D.",Center for Drug Evaluation and Research | CDER,Clinical Investigator,,
10/25/2023,10/24/2023,Abbott Laboratories,Center for Biologics Evaluation and Research (CBER),Dietary Supplement/Adulterated,,
10/20/2023,10/20/2023,The Juice Bar,Center for Tobacco Products,Family Smoking Prevention and Tobacco Control Act/Adulterated/Misbranded,,
10/24/2023,10/05/2023,Golden Natural Products,Division of Northeast Imports,Foreign Supplier Verification Program (FSVP),,
10/24/2023,10/04/2023,"Embryll Life Sciences, Inc.",Center for Veterinary Medicine,Unapproved New Animal Drug/Adulterated,,
11/17/2023,11/16/2023,Vapor Rage LLC,Center for Tobacco Products,Family Smoking Prevention and Tobacco Control Act/Adulterated/Misbranded,,
11/28/2023,11/21/2023,Intas Pharmaceuticals Limited,Center for Drug Evaluation and Research | CDER,CGMP/Finished Pharmaceuticals/Adulterated,,
11/28/2023,11/22/2023,Dr. Berne’s Whole Health Products,Center for Drug Evaluation and Research | CDER,CGMP/Finished Pharmaceuticals/Adulterated/Unapproved New Drug,,
11/28/2023,11/21/2023,"Shenzhen FreeMax Technology Co., Ltd. d/b/a FreeMaxVape",Center for Tobacco Products,Family Smoking Prevention and Tobacco Control Act/Adulterated/Misbranded,,
11/28/2023,11/21/2023,"Shenzhen IJOY Technology Co., LTD.",Center for Tobacco Products,Family Smoking Prevention and Tobacco Control Act/Adulterated/Misbranded,,
11/21/2023,10/26/2023,"Brenntag Great Lakes, LLC",Division of Pharmaceutical Quality Operations III,CGMP/Finished Pharmaceuticals/Adulterated,,
11/21/2023,11/08/2023,"Melanie M. Hoppers, M.D./Physicians Quality Care",Center for Drug Evaluation and Research | CDER,Clinical Investigator,,
11/21/2023,11/09/2023,"Wan-Gee Foods, Inc.",Division of Human and Animal Food Operations West II,"CGMP/Manufacturing, Packing or Holding Human Food/Adulterated/Insanitary Conditions",,
11/21/2023,11/08/2023,National Chemical Laboratories,Office of Pharmaceutical Quality Operations,CGMP/Finished Pharmaceuticals/Adulterated,,
11/21/2023,11/16/2023,"Discover Health, LLC d/b/a Discover CBD and Strain Snobs",Center for Drug Evaluation and Research | CDER,Finished Pharmaceuticals/Unapproved New Drugs/Animal Drugs/Human Foods/Animal Foods/Adulterated/Misbranded,,
11/21/2023,11/17/2023,Cipla Limited,Center for Drug Evaluation and Research | CDER,CGMP/Finished Pharmaceuticals/Adulterated,,
11/21/2023,10/20/2023,Elemental Herbs Inc. d/b/a ALL good,Division of Pharmaceutical Quality Operations IV,CGMP/Finished Pharmaceuticals/Adulterated,,
11/21/2023,09/20/2023,Raven Route,Center for Tobacco Products,Family Smoking Prevention and Tobacco Control Act/Adulterated/Misbranded,,
11/21/2023,11/08/2023,www.directpharmashop.net,Center for Drug Evaluation and Research | CDER,Unlawful Sale of Unapproved and Misbranded Drugs to United States Consumers Over the Internet,,
11/21/2023,11/17/2023,AmLion Toothpaste Mfg. Sdn. Bhd.,Center for Drug Evaluation and Research | CDER,CGMP/Finished Pharmaceuticals/Adulterated,,
11/21/2023,11/15/2023,"Xiamen Wally Bath Manufacture Co., Ltd.",Center for Drug Evaluation and Research | CDER,CGMP/Finished Pharmaceuticals/Adulterated,,
11/21/2023,11/16/2023,Cerci Kozmetik Ve Otel Ekipmanlari Pazarlama Ic Ve Dis Ticaret Limited Sirketi,Center for Drug Evaluation and Research | CDER,CGMP/Finished Pharmaceuticals/Adulterated,,
11/16/2023,11/16/2023,"Prestige 22, Inc. d/b/a The Vapers World",Center for Tobacco Products,Family Smoking Prevention and Tobacco Control Act/Adulterated/Misbranded,,
11/16/2023,11/16/2023,Lingkey Co. Ltd. d/b/a Vape Hammer,Center for Tobacco Products,Family Smoking Prevention and Tobacco Control Act/Adulterated/Misbranded,,
11/16/2023,11/16/2023,Pamirs Group Limited d/b/a VapeCig Wholesale,Center for Tobacco Products,Family Smoking Prevention and Tobacco Control Act/Adulterated/Misbranded,,
11/16/2023,11/16/2023,Tyler Wholesale Supply LLC d/b/a BBW Supply,Center for Tobacco Products,Family Smoking Prevention and Tobacco Control Act/Adulterated/Misbranded,,
11/16/2023,11/16/2023,Vape Wholesale USA,Center for Tobacco Products,Family Smoking Prevention and Tobacco Control Act/Adulterated/Misbranded,,
11/16/2023,11/16/2023,Vapeify,Center for Tobacco Products,Family Smoking Prevention and Tobacco Control Act/Adulterated/Misbranded,,
11/16/2023,11/16/2023,Dispo Mode,Center for Tobacco Products,Family Smoking Prevention and Tobacco Control Act/Adulterated/Misbranded,,
11/16/2023,11/16/2023,Ohm Centric Coils LLC,Center for Tobacco Products,Family Smoking Prevention and Tobacco Control Act/Adulterated/Misbranded,,
11/16/2023,11/16/2023,"Hubbly Bubbly LLC, d/b/a Trifecta Tobacco",Center for Tobacco Products,Family Smoking Prevention and Tobacco Control Act/Adulterated/Misbranded,,
11/16/2023,11/16/2023,Sweis Global LLC,Center for Tobacco Products,Family Smoking Prevention and Tobacco Control Act/Adulterated/Misbranded,,
05/16/2023,04/28/2023,Gary’s Cheesecakes & Fine Desserts,Division of Human and Animal Food Operations East V,"CGMP/Food/Prepared, Packed or Held Under Insanitary Conditions/Adulterated",,11/17/2023
04/18/2023,04/04/2023,ByPro Nutrition LLC,Division of Human and Animal Food Operations West II,Unapproved New Drugs/Misbranded,,12/05/2023
08/29/2023,05/03/2023,Cosmax NBT USA,Division of Human and Animal Food Operations West III,CGMP/Dietary Supplement/Adulterated/Misbranded,,12/05/2023
08/23/2023,08/23/2023,The Juice Machine,Center for Tobacco Products,Family Smoking Prevention and Tobacco Control Act/Adulterated/Misbranded,,
11/07/2023,08/04/2023,Biorica International Corp.,Center for Food Safety and Applied Nutrition (CFSAN),New Drug/Misbranded,,
11/07/2023,09/01/2023,"InnoMark, Inc.",Division of Human and Animal Food Operations West IV,CGMP/Dietary Supplement/Misbranded,,
11/07/2023,10/30/2023,"Dexterity Health, LLC DBA Zazzee Naturals",Center for Drug Evaluation and Research | CDER,Finished Pharmaceuticals/Unapproved New Drug,,
11/02/2023,11/02/2023,HomeTown Vapor,Center for Tobacco Products,Family Smoking Prevention and Tobacco Control Act/Adulterated/Misbranded,,
12/19/2023,12/04/2023,Fresenius Medical Care AG & Co. KGaA,Center for Devices and Radiological Health,CGMP/QSR/Medical Devices/Adulterated,,
12/14/2023,11/30/2023,California Veterinary Supply,Center for Veterinary Medicine,Unapproved Medically Important Antimicrobials Marketed for Use in Non-food Minor Species,,
12/14/2023,11/30/2023,Aquanest Biotic,Center for Veterinary Medicine,Unapproved Medically Important Antimicrobials Marketed for Use in Non-food Minor Species,,
12/14/2023,11/30/2023,American Aquarium Products,Center for Veterinary Medicine,Unapproved Medically Important Antimicrobials Marketed for Use in Non-food Minor Species,,
12/14/2023,11/30/2023,Aquarium Pharmacy LLC,Center for Veterinary Medicine,Unapproved Medically Important Antimicrobials Marketed for Use in Non-food Minor Species,,
12/14/2023,11/30/2023,Kraft Drug,Center for Veterinary Medicine,Unapproved Medically Important Antimicrobials Marketed for Use in Non-food Minor Species,,
12/14/2023,11/30/2023,"Chewy, Inc.",Center for Veterinary Medicine,Unapproved Medically Important Antimicrobials Marketed for Use in Non-food Minor Species,,
12/14/2023,11/30/2023,Valley Vet Supply,Center for Veterinary Medicine,Unapproved Medically Important Antimicrobials Marketed for Use in Non-food Minor Species,,
12/14/2023,11/30/2023,Midland Vet Services,Center for Veterinary Medicine,Unapproved Medically Important Antimicrobials Marketed for Use in Non-food Minor Species,,
12/14/2023,11/30/2023,"Silver Lease, LLC",Center for Veterinary Medicine,Unapproved Medically Important Antimicrobials Marketed for Use in Non-food Minor Species,,
05/16/2023,05/09/2023,"Kilo E-Liquid, Inc.",Center for Tobacco Products,Family Smoking Prevention and Tobacco Control Act/Adulterated/Misbranded,,
05/16/2023,04/04/2023,"Sea-Long Medical Systems, LLC",Division of Medical Device and Radiological Health Operations West,CGMP/QSR/Medical Devices/Adulterated,,
05/16/2023,04/28/2023,"Pharmedica USA, LLC",Division of Pharmaceutical Quality Operations IV,CGMP/Finished Pharmaceuticals/Adulterated,,
05/16/2023,04/19/2023,Sorcerz.com,Center for Drug Evaluation and Research | CDER,Notice of Unlawful Sale of Unapproved Drugs to United States Consumers Over the Internet,,
05/16/2023,05/03/2023,"iSlim, LLC",Division of Pharmaceutical Quality Operations II,Unapproved New Drugs/Misbranded,,
05/18/2023,05/18/2023,"Drive Thru Vapors, LLC d/b/a Drive Thru Vapors Dallas",Center for Tobacco Products,Family Smoking Prevention and Tobacco Control Act/Adulterated/Misbranded,,
05/23/2023,03/24/2023,"Sure-Biochem Laboratories, LLC",Division of Pharmaceutical Quality Operations I,CGMP/Finished Pharmaceuticals/Adulterated,,
05/23/2023,04/25/2023,"Krishiv Foods, LLC",Division of Northern Border Imports,Foreign Supplier Verification Program (FSVP),,
05/23/2023,05/12/2023,H.E.A.L. Marketplace,Division of Human and Animal Food Operations East III,New Drug/Misbranded,,
05/23/2023,05/18/2023,Champaklal Maganlal Homeo Pharmacy Private Limited,Center for Drug Evaluation and Research | CDER,Unapproved New Drugs/Misbranded,,
05/25/2023,05/25/2023,"Breeze Smoke, LLC",Center for Tobacco Products,Family Smoking Prevention and Tobacco Control Act/Adulterated/Misbranded,,
05/25/2023,05/25/2023,"Shenzhen Innokin Technology Co., Ltd.",Center for Tobacco Products,Family Smoking Prevention and Tobacco Control Act/Adulterated/Misbranded,,
05/26/2023,05/25/2023,Mean Street Vapor LLC,Center for Tobacco Products,Family Smoking Prevention and Tobacco Control Act/Adulterated/Misbranded,,
05/30/2023,05/16/2023,"New England Life Care, Inc. dba Advanced Compounding Solutions",Division of Pharmaceutical Quality Operations I,Compounding Pharmacy/Adulterated Drug Products,,
05/30/2023,05/10/2023,Rhodes Legacy Inc DBA Sun Sprouts,Division of Human and Animal Food Operations West II,"CGMP/Food/Prepared, Packed or Held Under Insanitary Conditions/Adulterated",,
05/30/2023,05/22/2023,citypharma.us,Center for Drug Evaluation and Research | CDER,Unlawful Sale of Unapproved and Misbranded Drugs to United States Consumers Over the Internet,,
01/19/2023,01/19/2023,Southbound Vapes,Center for Tobacco Products,Family Smoking Prevention and Tobacco Control Act/Adulterated/Misbranded,,
01/19/2023,01/19/2023,Modfathers Vapor,Center for Tobacco Products,Family Smoking Prevention and Tobacco Control Act/Adulterated/Misbranded,,
01/24/2023,01/10/2023,Lineage Vapors LLC,Center for Tobacco Products,Family Smoking Prevention and Tobacco Control Act/Adulterated/Misbranded,,
01/24/2023,01/11/2023,Larkin Community Hospital Institutional Review Board,Center for Drug Evaluation and Research | CDER,Bioresearch Monitoring Program/Institutional Review Board (IRB),,
01/24/2023,01/18/2023,"Buzzagogo, LLC",Center for Drug Evaluation and Research | CDER,CGMP/Finished Pharmaceuticals/Adulterated/Unapproved New Drug,,
01/24/2023,01/13/2023,New Vaping US,Center for Tobacco Products,Family Smoking Prevention and Tobacco Control Act/Adulterated/Misbranded,,
01/26/2023,01/26/2023,3rd Rock Vapor,Center for Tobacco Products,Family Smoking Prevention and Tobacco Control Act/Adulterated/Misbranded,,
01/26/2023,01/26/2023,Zombieland LLC dba Mafia Street Vapor Company,Center for Tobacco Products,Family Smoking Prevention and Tobacco Control Act/Adulterated/Misbranded,,
01/31/2023,01/18/2023,Mohawk Laboratories Division of NCH Corporation,Division of Pharmaceutical Quality Operations II,CGMP/Drug Products/Adulterated,,
01/31/2023,01/30/2023,"Old Tiles Wallpaper, LLC DBA Old Tiles Decor",Center for Drug Evaluation and Research | CDER,Finished Pharmaceuticals/Unapproved New Drug/Misbranded,,
01/31/2023,01/30/2023,Monkeypox-treatment.com,Center for Drug Evaluation and Research | CDER,Finished Pharmaceuticals/Unapproved New Drug/Misbranded,,
01/31/2023,01/27/2023,"Shenzhen GreenSound High-Tech Co., LTD d/b/a Vaporlax",Center for Tobacco Products,Family Smoking Prevention and Tobacco Control Act/Adulterated/Misbranded,,
01/31/2023,01/24/2023,"Adept Life Science, LLC",Division of Human and Animal Food Operations East IV,CGMP/Dietary Supplement/Misbranded,,
01/31/2023,01/30/2023,"Noble Elements, LLC",Center for Food Safety and Applied Nutrition (CFSAN),Finished Pharmaceuticals/Unapproved New Drug/Misbranded,,
01/31/2023,01/30/2023,Organic Heirloom Plants,Center for Food Safety and Applied Nutrition (CFSAN),Finished Pharmaceuticals/Unapproved New Drug/Misbranded,,
01/31/2023,01/30/2023,"Dr. Green Mom, LLC",Center for Food Safety and Applied Nutrition (CFSAN),Finished Pharmaceuticals/Unapproved New Drug/Misbranded,,
02/02/2023,02/02/2023,Liquivape,Center for Tobacco Products,Family Smoking Prevention and Tobacco Control Act/Adulterated/Misbranded,,
02/02/2023,02/02/2023,Switch to Vapor,Center for Tobacco Products,Family Smoking Prevention and Tobacco Control Act/Adulterated/Misbranded,,
02/07/2023,01/24/2023,J.M. Smucker LLC,Division of Human and Animal Food Operations East V,"CGMP/Food/Prepared, Packed or Held Under Insanitary Conditions/Adulterated",,
02/07/2023,02/06/2023,"The Body Bean, LLC",Center for Drug Evaluation and Research | CDER,Failure to Register and List,,
02/09/2023,02/09/2023,Unlit Vapor Shoppe LLC,Center for Tobacco Products,Family Smoking Prevention and Tobacco Control Act/Adulterated/Misbranded,,
02/14/2023,02/03/2023,"Flavor Vapors, LLC/Mob Liquid Labs",Center for Tobacco Products,Family Smoking Prevention and Tobacco Control Act/Adulterated/Misbranded,,
02/14/2023,01/30/2023,Clean Cosmetics LLC,Division of Pharmaceutical Quality Operations IV,CGMP/Finished Pharmaceuticals/Adulterated,,
02/14/2023,01/24/2023,American Cruise Lines,Division of Human and Animal Food Operations East V,Insanitary Conditions/Adulterated,,
02/14/2023,01/30/2023,"Lyons Magnus, LLC",Division of Human and Animal Food Operations West I,Low Acid Canned Food Regulation/Adulterated,,
02/14/2023,02/13/2023,Delta Kozmetik Sanayi Ve Ticaret-Selim Yesil,Center for Drug Evaluation and Research | CDER,CGMP/Finished Pharmaceuticals/Adulterated,,
02/16/2023,02/16/2023,Hastings Vapors LLC d/b/a Hastings Vapors,Center for Tobacco Products,Family Smoking Prevention and Tobacco Control Act/Adulterated/Misbranded,,
02/21/2023,01/19/2023,Sohgave LLC,Division of Southwest Imports,Foreign Supplier Verification Program (FSVP),,
02/21/2023,01/26/2023,"Desert Defense, LLC",Center for Veterinary Medicine,Unapproved New Animal Drug Products,,
02/23/2023,02/23/2023,K&D Vapors Inc,Center for Tobacco Products,Family Smoking Prevention and Tobacco Control Act/Adulterated/Misbranded,,
02/28/2023,02/17/2023,"Dotmod, Inc.",Center for Tobacco Products,Family Smoking Prevention and Tobacco Control Act/Adulterated/Misbranded,,
02/28/2023,01/05/2023,Corporate Essentials LLC,Division of Northeast Imports,Foreign Supplier Verification Program (FSVP),,
02/28/2023,01/04/2023,"Compass Logistics, LLC",Division of Southwest Imports,Foreign Supplier Verification Program (FSVP),,
02/28/2023,02/17/2023,Gascó Industrial Corporation,Division of Pharmaceutical Quality Operations II,CGMP/Finished Pharmaceuticals/Adulterated,,
02/28/2023,01/23/2023,"U-Can Food Trading, Inc.",Division of West Coast Imports,Seafood HACCP/CGMP for Foods/Adulterated/Insanitary Conditions,,
02/28/2023,01/03/2023,Select Produce LLC,Division of Southwest Imports,Foreign Supplier Verification Program (FSVP),,
02/28/2023,01/23/2023,Zing Brothers LLC,Division of Human and Animal Food Operations West IV,CGMP/Dietary Supplement/Adulterated/Misbranded,,
02/28/2023,01/19/2023,"M. Fierro & Sons, LLC",Division of Human and Animal Food Operations East II,"CGMP/Food/Prepared, Packed or Held Under Insanitary Conditions/Adulterated",,
02/28/2023,01/23/2023,"Skyless, LLC",Division of Pharmaceutical Quality Operations II,CGMP/Finished Pharmaceuticals/Adulterated,,
02/28/2023,01/12/2023,First Choice Importing Inc.,Division of Northeast Imports,Foreign Supplier Verification Program (FSVP),,
03/02/2023,03/02/2023,VaVaVape,Center for Tobacco Products,Family Smoking Prevention and Tobacco Control Act/Adulterated/Misbranded,,
03/02/2023,03/02/2023,"Azure Tobacco, Inc.",Center for Tobacco Products,Family Smoking Prevention and Tobacco Control Act/Adulterated/Misbranded,,
03/02/2023,03/02/2023,Kingdom Tobacco LLC,Center for Tobacco Products,Family Smoking Prevention and Tobacco Control Act/Adulterated/Misbranded,,
03/07/2023,02/16/2023,Arrow Reliance Inc.,Division of Human and Animal Food Operations West VI,"CGMP/Food for Animals/Prepared, Packed or Held Under Insanitary Conditions/Adulterated",,
03/07/2023,01/03/2023,"Golden Bridge Gourmet, Inc. DBA Golden Bridge Enterprises",Division of West Coast Imports,Foreign Supplier Verification Program (FSVP),,
03/09/2023,03/09/2023,The Vapor Master LLC,Center for Tobacco Products,Family Smoking Prevention and Tobacco Control Act/Adulterated/Misbranded,,
03/14/2023,02/10/2023,Emmons Livestock,Division of Human and Animal Food Operations East V,Unapproved New Animal Drug Products,,
03/14/2023,01/20/2023,Atlantic Management Resources LTD dba. Claire Ellen Products,Division of Pharmaceutical Quality Operations I,CGMP/Finished Pharmaceuticals/Adulterated,,
03/14/2023,01/19/2023,B & J Group,Division of Pharmaceutical Quality Operations I,CGMP/Finished Pharmaceuticals/Adulterated,,
03/14/2023,03/03/2023,"Maggie Jeffries, M.D. / Avanti Anesthesiology, LLC",Center for Drug Evaluation and Research | CDER,Clinical Investigator,,
03/14/2023,03/02/2023,"ElectRx and Health Solutions, LLC",Center for Drug Evaluation and Research | CDER,Finished Pharmaceuticals/Unapproved New Drug/Misbranded,,
03/14/2023,02/15/2023,Midlab Incorporated,Division of Pharmaceutical Quality Operations II,CGMP/Finished Pharmaceuticals/Adulterated,,
03/14/2023,02/15/2023,Frenda Corporation,Division of Pharmaceutical Quality Operations II,CGMP/Finished Pharmaceuticals/Adulterated,,
03/14/2023,03/01/2023,Formology Lab Inc.,Division of Pharmaceutical Quality Operations IV,CGMP/Finished Pharmaceuticals/Adulterated,,
03/14/2023,02/01/2023,"Profounda, Inc.",Division of Pharmaceutical Quality Operations II,CGMP/Finished Pharmaceuticals/Adulterated,,
03/14/2023,02/21/2023,"Primal Pet Foods, Inc.",Division of Human and Animal Food Operations West V,"CGMP/Food for Animals/Prepared, Packed or Held Under Insanitary Conditions/Adulterated",,
03/15/2023,03/15/2023,Breezesmokes LLC,Center for Tobacco Products,Family Smoking Prevention and Tobacco Control Act/Adulterated/Misbranded,,
03/16/2023,03/16/2023,ALL-IN Vapors,Center for Tobacco Products,Family Smoking Prevention and Tobacco Control Act/Adulterated/Misbranded,,
03/17/2023,03/15/2023,Olympus Medical Systems Corp.,Center for Devices and Radiological Health,CGMP/QSR/Medical Devices/Adulterated/Misbranded,,
03/21/2023,03/07/2023,"Herbal Vitality, Inc.",Division of Human and Animal Food Operations West IV,Unapproved New Drugs/Misbranded,,
03/21/2023,02/22/2023,Dunagin Pharmaceuticals Inc. dba Massco Dental,Division of Pharmaceutical Quality Operations II,CGMP/Finished Pharmaceuticals/Adulterated,,
03/21/2023,02/22/2023,Capital Imports LLC,Division of Northern Border Imports,Foreign Supplier Verification Program (FSVP),,
03/21/2023,02/07/2023,"Mariscos Bahia, Inc.",Division of Human and Animal Food Operations West V,Seafood HACCP/CGMP for Foods/Adulterated/Insanitary Conditions,,
03/21/2023,03/14/2023,Procter & Gamble Manufactura S. de R.L. de C.V.,Center for Drug Evaluation and Research | CDER,Failure to Register and List,,03/31/2023
03/21/2023,03/16/2023,Marina Technology LLC,Center for Tobacco Products,Family Smoking Prevention and Tobacco Control Act/Adulterated/Misbranded,,
03/21/2023,03/10/2023,Cosmetic Science Laboratories LLC,Division of Pharmaceutical Quality Operations IV,CGMP/Finished Pharmaceuticals/Adulterated,,
03/21/2023,03/13/2023,J&H Imports Services Corp,Division of Northeast Imports,Foreign Supplier Verification Program (FSVP),,
03/21/2023,03/16/2023,www.ivermectin4covid.com,Center for Drug Evaluation and Research | CDER,Notice of Unlawful Sale of Unapproved Drugs to United States Consumers Over the Internet,,
03/23/2023,03/23/2023,"Stuff N Puffs 101, LLC d/b/a Stuff-N-Puffs",Center for Tobacco Products,Family Smoking Prevention and Tobacco Control Act/Adulterated/Misbranded,,
03/28/2023,03/14/2023,"Robert J. Hayashi, M.D./Washington University School of Medicine, Department of Pediatrics",Center for Drug Evaluation and Research | CDER,Bioresearch Monitoring Program/IRB,,
03/28/2023,03/13/2023,NuGeneration Technologies LLC,Division of Pharmaceutical Quality Operations IV,CGMP/Finished Pharmaceuticals/Adulterated,,
03/28/2023,01/05/2023,"Vanlaw Food Products, Inc",Division of Human and Animal Food Operations West V,Food Labeling/Misbranded,,
03/28/2023,02/07/2023,Nara Company Ltd.,Center for Food Safety and Applied Nutrition (CFSAN),Seafood HACCP/CGMP for Foods/Adulterated,,
03/28/2023,03/08/2023,Wise Spice Catering Company,Division of Human and Animal Food Operations East IV,"CGMP/Food/Prepared, Packed or Held Under Insanitary Conditions/Adulterated",,
03/28/2023,03/22/2023,"Tyrone L. McCall, M.D./Cornea Associates of Texas",Center for Drug Evaluation and Research | CDER,Clinical Investigator (Sponsor) ,,
04/04/2023,03/23/2023,"Synovo Production, Inc.",Division of Medical Device and Radiological Health Operations West,CGMP/QSR/Medical Devices/Adulterated,,
04/04/2023,03/17/2023,"Old Europe Cheese, Inc.",Division of Human and Animal Food Operations East VI,"CGMP/Food/Prepared, Packed or Held Under Insanitary Conditions/Adulterated",,
04/06/2023,04/06/2023,"VC of Montgomery, LLC d/b/a Vapor Craft of Montgomery",Center for Tobacco Products,Family Smoking Prevention and Tobacco Control Act/Adulterated/Misbranded,,
04/11/2023,03/20/2023,Omega Packaging Corp,Division of Pharmaceutical Quality Operations I,CGMP/Finished Pharmaceuticals/Adulterated,,
04/11/2023,04/10/2023,Champaklal Maganlal Homeo Pharmacy Private Limited,Center for Drug Evaluation and Research | CDER,CGMP/Finished Pharmaceuticals/Adulterated,,
04/13/2023,04/13/2023,"Str8Vape, LLC",Center for Tobacco Products,Family Smoking Prevention and Tobacco Control Act/Adulterated/Misbranded,,
01/05/2023,01/05/2023,"Chevaline Investments, LLC d/b/a VaporCore",Center for Tobacco Products,Family Smoking Prevention and Tobacco Control Act/Adulterated/Misbranded,,
01/06/2023,01/05/2023,PharmaCanna,Center for Drug Evaluation and Research | CDER,Unapproved and Misbranded Products Related to Coronavirus Disease 2019 (COVID-19),,
01/10/2023,01/09/2023,"Distributor RFR, LLC",Center for Drug Evaluation and Research | CDER,Finished Pharmaceuticals/Unapproved New Drug/Misbranded,,
01/10/2023,01/06/2023,pharmahealthonline.com,Center for Drug Evaluation and Research | CDER,Unlawful Sale of Unapproved and Misbranded Drugs to United States Consumers Over the Internet,,
01/11/2023,01/10/2023,"Medical Mikes, Inc.",Center for Drug Evaluation and Research | CDER,Unapproved and Misbranded Products Related to Coronavirus Disease 2019 (COVID-19),,
01/11/2023,01/10/2023,Purecraft LLC,Center for Drug Evaluation and Research | CDER,Unapproved and Misbranded Products Related to Coronavirus Disease 2019 (COVID-19),,
01/12/2023,01/12/2023,Tiger Vapes,Center for Tobacco Products,Family Smoking Prevention and Tobacco Control Act/Adulterated/Misbranded,,
01/12/2023,01/12/2023,Chevaline Investments dba VaporCore,Center for Tobacco Products,Family Smoking Prevention and Tobacco Control Act/Adulterated/Misbranded,,
01/12/2023,01/12/2023,Chevaline Investments dba VaporCore,Center for Tobacco Products,Family Smoking Prevention and Tobacco Control Act/Adulterated/Misbranded,,
01/17/2023,01/10/2023,"HIS Enterprise Inc dba Adam’s Secret USA, LLC",Center for Drug Evaluation and Research | CDER,Finished Pharmaceuticals/Unapproved New Drug/Misbranded,,
04/18/2023,03/16/2023,"Biloxi Freezing & Processing, Inc.",Division of Human and Animal Food Operations East V,Seafood HACCP/CGMP for Foods/Adulterated/Insanitary Conditions,,
04/18/2023,04/06/2023,"SCS Direct, Inc.",Center for Food Safety and Applied Nutrition (CFSAN),Dietary Supplement/Adulterated,,
04/18/2023,04/06/2023,Zermat International S.A. de C.V.,Center for Drug Evaluation and Research | CDER,CGMP/Finished Pharmaceuticals/Adulterated,,
04/18/2023,01/27/2023,La Aldea Distributors Inc,Division of Southwest Imports,Foreign Supplier Verification Program (FSVP),,
04/18/2023,04/05/2023,"Chemical Services Group, Inc./Royal Chemical Company",Division of Pharmaceutical Quality Operations I,CGMP/Finished Pharmaceuticals/Adulterated,,
04/20/2023,04/20/2023,FuZion Vapor LLC,Center for Tobacco Products,Family Smoking Prevention and Tobacco Control Act/Adulterated/Misbranded,,
04/25/2023,04/13/2023,Pharmaplast S.A.E.,Center for Drug Evaluation and Research | CDER,CGMP/Finished Pharmaceuticals/Adulterated,,
04/25/2023,03/29/2023,"Five Star Trading IL, Inc.",Division of Northern Border Imports,Foreign Supplier Verification Program (FSVP),,
04/25/2023,02/13/2023,Medivance Instruments Ltd.,Center for Devices and Radiological Health,Medical Device/Adulterated/Misbranded/Lacks PMA and/or 510(k),,
04/25/2023,04/24/2023,Nose Slap LLC,Center for Drug Evaluation and Research | CDER,Unapproved New Drugs/Misbranded,,
04/25/2023,04/19/2023,"Medolife Rx D/B/A MedoLife Corp., AELIA, Inc. and Quanta Inc.",Center for Drug Evaluation and Research | CDER,Unapproved New Drugs/Misbranded,,
04/25/2023,04/20/2023,"Accra-Pac, Inc. dba Voyant Beauty",Division of Pharmaceutical Quality Operations III,CGMP/Finished Pharmaceuticals/Adulterated,,
04/27/2023,04/27/2023,Hot Grabba LLC d/b/a Buttas Hot Grabba,Center for Tobacco Products,Family Smoking Prevention and Tobacco Control Act/Adulterated/Misbranded,,
05/02/2023,03/08/2023,"Santa Cruz Produce, Inc.",Division of Southeast Imports,Foreign Supplier Verification Program (FSVP),,
05/02/2023,04/14/2023,Milky Way International Trading Corporation,Division of West Coast Imports,Foreign Supplier Verification Program (FSVP),,
05/02/2023,03/01/2023,Promar Seafood S. de R.L.,Center for Food Safety and Applied Nutrition (CFSAN),Seafood HACCP/CGMP for Foods/Adulterated,,
05/02/2023,04/11/2023,"Juicer Connections, Inc.",Division of Human and Animal Food Operations West V,Juice HACCP/CGMP for Foods/Adulterated/Insanitary Conditions,,
05/02/2023,04/27/2023,"Tager Online, Inc. DBA Volt Candy; Volt Candy Wholesale Club",Center for Drug Evaluation and Research | CDER,Unapproved New Drugs/Misbranded,,
05/09/2023,05/02/2023,"Joyetech Shenzhen Electronics Co., Ltd.",Center for Tobacco Products,Family Smoking Prevention and Tobacco Control Act/Adulterated/Misbranded,,
05/09/2023,05/01/2023,"Drivergent, Inc.",Division of Pharmaceutical Quality Operations III,CGMP/Finished Pharmaceuticals/Adulterated,,
05/11/2023,05/11/2023,BAM Group LLC d/b/a VapEscape,Center for Tobacco Products,Family Smoking Prevention and Tobacco Control Act/Adulterated/Misbranded,,
05/16/2023,05/04/2023,"Califa Imports, Inc.",Center for Tobacco Products,Family Smoking Prevention and Tobacco Control Act/Adulterated/Misbranded,,
05/16/2023,04/27/2023,"EarthLab, Inc., dba Wise Woman Herbals",Division of Human and Animal Food Operations West VI,Unapproved New Drugs/Misbranded,,
05/30/2023,05/15/2023,Rappa Fire Inc.,Center for Tobacco Products,Family Smoking Prevention and Tobacco Control Act/Adulterated/Misbranded,,
05/30/2023,05/17/2023,"GSM Services, LLC",Center for Tobacco Products,Family Smoking Prevention and Tobacco Control Act/Adulterated/Misbranded,,
05/30/2023,05/30/2023,"Mod Fuel, LLC",Center for Tobacco Products,Family Smoking Prevention and Tobacco Control Act/Adulterated/Misbranded,,
05/31/2023,05/31/2023,"Empire Imports, LLC d/b/a Vapor Empire, LLC",Center for Tobacco Products,Family Smoking Prevention and Tobacco Control Act/Adulterated/Misbranded,,
05/31/2023,05/31/2023,The Drip Ship LTD d/b/a buycbdcigarettes,Center for Tobacco Products,Family Smoking Prevention and Tobacco Control Act/Adulterated/Misbranded,,
05/31/2023,05/31/2023,MDM Group Inc. d/b/a Eliquidstop.com,Center for Tobacco Products,Family Smoking Prevention and Tobacco Control Act/Adulterated/Misbranded,,
05/31/2023,05/31/2023,"TheSY, LLC d/b/a Element Vape",Center for Tobacco Products,Family Smoking Prevention and Tobacco Control Act/Adulterated/Misbranded,,
05/31/2023,05/31/2023,"NAKV Enterprises, Inc. d/b/a Fat Puff Wholesale",Center for Tobacco Products,Family Smoking Prevention and Tobacco Control Act/Adulterated/Misbranded,,
05/31/2023,05/31/2023,"E-Juice Vapor, Inc.",Center for Tobacco Products,Family Smoking Prevention and Tobacco Control Act/Adulterated/Misbranded,,
05/31/2023,05/31/2023,"Vaperistas, LLC",Center for Tobacco Products,Family Smoking Prevention and Tobacco Control Act/Adulterated/Misbranded,,
05/31/2023,05/31/2023,Sooner Distributor & Wholesalers International Inc,Center for Tobacco Products,Family Smoking Prevention and Tobacco Control Act/Adulterated/Misbranded,,
05/31/2023,05/31/2023,Superpuff Inc. d/b/a MyVapor,Center for Tobacco Products,Family Smoking Prevention and Tobacco Control Act/Adulterated/Misbranded,,
05/31/2023,05/31/2023,JTBC Holdings LLC d/b/a Disposable305,Center for Tobacco Products,Family Smoking Prevention and Tobacco Control Act/Adulterated/Misbranded,,
05/31/2023,05/31/2023,Mr. Smokey Tobacco Corp d/b/a Smoke Shop/The Boss Tobacco,Center for Tobacco Products,Family Smoking Prevention and Tobacco Control Act/Adulterated/Misbranded,,
05/31/2023,05/31/2023,Mr. Smokey Tobacco Corp. d/b/a Hqdpods.com,Center for Tobacco Products,Family Smoking Prevention and Tobacco Control Act/Adulterated/Misbranded,,
05/31/2023,05/31/2023,"Vape4Style, Inc",Center for Tobacco Products,Family Smoking Prevention and Tobacco Control Act/Adulterated/Misbranded,,
05/31/2023,05/31/2023,"Huff and Puffers, LLC",Center for Tobacco Products,Family Smoking Prevention and Tobacco Control Act/Adulterated/Misbranded,,
06/01/2023,06/01/2023,"Stuff-N-Puffs 102, LLC d/b/a Stuff-N-Puffs",Center for Tobacco Products,Family Smoking Prevention and Tobacco Control Act/Adulterated/Misbranded,,
06/06/2023,05/11/2023,"RemedyRepack, Inc.",Division of Pharmaceutical Quality Operations I,CGMP/Finished Pharmaceuticals/Adulterated,,
06/06/2023,05/11/2023,"Manzanola Feeds, LLC",Division of Human and Animal Food Operations West IV,"CGMP/Food/Prepared, Packed or Held Under Insanitary Conditions/Adulterated",,
06/06/2023,05/05/2023,"Yichang Jiayuan Foodstuffs Co., Ltd",Center for Food Safety and Applied Nutrition (CFSAN),"CGMP/Food for Animals/Prepared, Packed or Held Under Insanitary Conditions/Adulterated",,
06/06/2023,05/25/2023,"iRhythm Technologies, Inc.",Center for Devices and Radiological Health,Medical Devices/Adulterated/Quality System Regulation (QSR),,
06/06/2023,05/31/2023,"Mobeen Mazhar, M.D.",Center for Drug Evaluation and Research | CDER,Investigational Device Exemptions (Clinical Investigator),,
06/06/2023,06/01/2023,Mr. Lulu LLC,Division of Pharmaceutical Quality Operations IV,CGMP/Finished Pharmaceuticals/Adulterated,,
06/06/2023,05/19/2023,"Steiner Biotechnology, LLC",Center for Devices and Radiological Health,CGMP/QSR/Medical Devices/Adulterated,,
08/29/2023,08/15/2023,Gadal Laboratories Inc.,Division of Pharmaceutical Quality Operations II,CGMP/Finished Pharmaceuticals/Adulterated,,
08/23/2023,08/23/2023,Disposable Vapes Wholesale,Center for Tobacco Products,Family Smoking Prevention and Tobacco Control Act/Adulterated/Misbranded,,
08/22/2023,08/16/2023,"King Systems Corp. dba Ambu, Inc.",Center for Devices and Radiological Health,CGMP/QSR/Medical Devices/PMA/Adulterated/Misbranded,,
08/29/2023,04/17/2023,Victory Trading Company Inc.,Division of Human and Animal Food Operations East I,"CGMP/Food/Prepared, Packed or Held Under Insanitary Conditions/Adulterated",,
08/29/2023,08/16/2023,"Essential Research, LLC",Center for Veterinary Medicine,Unapproved New Animal Drug Products,,
08/29/2023,08/10/2023,"Tesla BioHealing, Inc.",Division of Medical Device and Radiological Health Operations East,Medical Device/Adulterated/Misbranded/Lacks PMA and/or 510(k),,
08/29/2023,08/11/2023,Cosmobeauti Laboratories & Manufacturing Inc.,Center for Drug Evaluation and Research | CDER,CGMP/Finished Pharmaceuticals/Adulterated,,
09/21/2023,09/21/2023,Top Shelf Vaping LLC,Center for Tobacco Products,Family Smoking Prevention and Tobacco Control Act/Adulterated/Misbranded,,
09/21/2023,09/21/2023,Caribbean Cloud Dot Com d/b/a Gorilla Vapes,Center for Tobacco Products,Family Smoking Prevention and Tobacco Control Act/Adulterated/Misbranded,,
09/21/2023,09/21/2023,Caribbean Cloud Dot Com d/b/a Gorilla Vapes of Howell,Center for Tobacco Products,Family Smoking Prevention and Tobacco Control Act/Adulterated/Misbranded,,
09/26/2023,09/18/2023,Zhao Qing Longda Biotechnology Co. Ltd.,Center for Drug Evaluation and Research | CDER,Refusal to Provide Access to and Copying of Records,,
09/26/2023,09/12/2023,"Gulf States International, Inc.",Center for Drug Evaluation and Research | CDER,Refusal to Provide Access to and Copying of Records,,
09/26/2023,09/05/2023,PT. Winson Prima Sejahtera,Center for Food Safety and Applied Nutrition (CFSAN),Seafood HACCP/CGMP for Foods/Adulterated/Insanitary Conditions,,
07/11/2023,06/27/2023,The New Hope Center for Reproductive Medicine,Division of Biological Products Operations I,"Deviations/CFR/Regulations for Human Cells, Tissues & Cellular Products (HCT/Ps)",,
07/11/2023,07/03/2023,"Sunshine Trading Company, Inc. dba Nova Tea and Nova Kratom",Center for Drug Evaluation and Research | CDER,Unapproved New Drugs,,
07/11/2023,06/21/2023,NAFTA Distributors Inc.,Division of West Coast Imports,Foreign Supplier Verification Program (FSVP),,
07/11/2023,05/26/2023,NeilMed Pharmaceuticals Inc.,Division of Pharmaceutical Quality Operations IV,CGMP/Finished Pharmaceuticals/Adulterated,,
07/11/2023,06/12/2023,New Manna Food,Division of Human and Animal Food Operations West V,Seafood HACCP/CGMP for Foods/Adulterated/Misbranded,,
07/11/2023,06/21/2023,Row1 Inc. dba Regenative Labs,Division of Biological Products Operations I,"Deviations/CFR/Regulations for Human Cells, Tissues & Cellular Products (HCT/Ps)",,
06/29/2023,06/29/2023,Everything Vapor Aztec,Center for Tobacco Products,Family Smoking Prevention and Tobacco Control Act/Adulterated/Misbranded,,
06/29/2023,06/29/2023,Vapor Salon,Center for Tobacco Products,Family Smoking Prevention and Tobacco Control Act/Adulterated/Misbranded,,
06/20/2023,06/12/2023,Vitang Technology LLC,Center for Devices and Radiological Health,CGMP/QSR/Medical Devices/Adulterated,,
06/20/2023,06/12/2023,Warrior Labz SARMS,Center for Drug Evaluation and Research | CDER,Unapproved New Drugs/Misbranded,,
06/20/2023,06/14/2023,"Randy J. Epstein, M.D./Chicago Cornea Consultants, Ltd.",Center for Drug Evaluation and Research | CDER,Clinical Investigator (Sponsor) ,,
06/20/2023,06/09/2023,Juice Man LLC,Center for Tobacco Products,Family Smoking Prevention and Tobacco Control Act/Adulterated/Misbranded,,
06/22/2023,06/16/2023,Mr-Joy Group Holding B.V. d/b/a Mr. Joy,Center for Tobacco Products,Family Smoking Prevention and Tobacco Control Act/Adulterated/Misbranded,,
06/22/2023,06/09/2023,"TXCel International, Inc. d/b/a Vaporider",Center for Tobacco Products,Family Smoking Prevention and Tobacco Control Act/Adulterated/Misbranded,,
06/22/2023,06/16/2023,Discreet Vapes,Center for Tobacco Products,Family Smoking Prevention and Tobacco Control Act/Adulterated/Misbranded,,
06/22/2023,06/16/2023,The Local Vapory LLC d/b/a The Vapory LLC,Center for Tobacco Products,Family Smoking Prevention and Tobacco Control Act/Adulterated/Misbranded,,
06/22/2023,06/07/2023,"MV Store, Inc. d/b/a myvaporstore",Center for Tobacco Products,Family Smoking Prevention and Tobacco Control Act/Adulterated/Misbranded,,
06/22/2023,06/07/2023,Turning Point Brands d/b/a Directvapor.com,Center for Tobacco Products,Family Smoking Prevention and Tobacco Control Act/Adulterated/Misbranded,,
06/22/2023,06/16/2023,"The Hand Media, Inc. d/b/a Vapor Shark",Center for Tobacco Products,Family Smoking Prevention and Tobacco Control Act/Adulterated/Misbranded,,
06/22/2023,06/07/2023,ECigMafia LLC,Center for Tobacco Products,Family Smoking Prevention and Tobacco Control Act/Adulterated/Misbranded,,
06/13/2023,06/01/2023,"A&Z Pharmaceutical, Inc.",Division of Human and Animal Food Operations East I,New Drug/Misbranded,,
06/13/2023,05/25/2023,E-Smoke Ireland,Center for Tobacco Products,Family Smoking Prevention and Tobacco Control Act/Adulterated/Misbranded,,
06/13/2023,05/22/2023,Carolina Infusion,Division of Pharmaceutical Quality Operations II,Compounding Pharmacy/Adulterated Drug Products,,
06/13/2023,06/06/2023,"Pharmacy Plus, Inc., dba Vital Care Compounder",Division of Pharmaceutical Quality Operations II,Compounding Pharmacy/Adulterated Drug Products,,
06/13/2023,05/25/2023,Vape Tampa Bay and Downtown Vaporium LLC,Center for Tobacco Products,Family Smoking Prevention and Tobacco Control Act/Adulterated/Misbranded,,
06/13/2023,05/25/2023,Grayson Corporation,Center for Tobacco Products,Family Smoking Prevention and Tobacco Control Act/Adulterated/Misbranded,,
06/13/2023,05/25/2023,"U Mart International, Inc.",Center for Tobacco Products,Family Smoking Prevention and Tobacco Control Act/Adulterated/Misbranded,,
06/22/2023,06/22/2023,"A Perfect Vape, LLC",Center for Tobacco Products,Family Smoking Prevention and Tobacco Control Act/Adulterated/Misbranded,,
07/04/2023,04/11/2023,"Jerez Produce, Inc.",Division of Northern Border Imports,Foreign Supplier Verification Program (FSVP),,
07/04/2023,05/30/2023,Maos Produce,Division of Southwest Imports,Foreign Supplier Verification Program (FSVP),,
07/04/2023,06/21/2023,"Fruits Tress, Inc.",Division of Southwest Imports,Foreign Supplier Verification Program (FSVP),,
07/11/2023,05/03/2023,Bee Healthy Farms LLC,Division of Human and Animal Food Operations West II,Interstate Commerce/Food/Adulterated,,
08/29/2023,08/03/2023,K.C. Pharmaceuticals Inc.,Division of Pharmaceutical Quality Operations IV,CGMP/Finished Pharmaceuticals/Adulterated,,
08/29/2023,06/26/2023,"Amor Nino Foods, Inc.",Division of Human and Animal Food Operations West V,Seafood HACCP/CGMP for Foods/Adulterated/Insanitary Conditions,,
08/24/2023,08/24/2023,"Preferred Vapor Manufacturing & Distribution, LLC d/b/a Preferred Vapor Vape Shop & Lounge",Center for Tobacco Products,Family Smoking Prevention and Tobacco Control Act/Adulterated/Misbranded,,
08/24/2023,08/24/2023,Lizard Juice LLC d/b/a New Age Distribution,Center for Tobacco Products,Family Smoking Prevention and Tobacco Control Act/Adulterated/Misbranded,,
08/24/2023,08/24/2023,WTech Enterprises LLC d/b/a Good Vibes Vapor,Center for Tobacco Products,Family Smoking Prevention and Tobacco Control Act/Adulterated/Misbranded,,
08/31/2023,08/31/2023,Route 66 Vapor,Center for Tobacco Products,Family Smoking Prevention and Tobacco Control Act/Adulterated/Misbranded,,
08/31/2023,08/31/2023,Great Vapes,Center for Tobacco Products,Family Smoking Prevention and Tobacco Control Act/Adulterated/Misbranded,,
08/30/2023,08/30/2023,Reckitt/Mead Johnson Nutrition,HUMAN AND ANIMAL FOOD WEST I COMPLIANCE BRANCH (HAFW1-CB),CGMP/Quality Control/Adulterated/Infant Formula,,
08/30/2023,08/30/2023,"ByHeart, Inc.",HUMAN AND ANIMAL FOOD WEST I COMPLIANCE BRANCH (HAFW1-CB),CGMP/Quality Control/Adulterated/Infant Formula,,
09/05/2023,08/17/2023,Lex Inc.,Division of Pharmaceutical Quality Operations II,CGMP/Finished Pharmaceuticals/Adulterated,,
09/05/2023,08/23/2023,Green Pharmaceutical Co. Ltd.,Center for Drug Evaluation and Research | CDER,CGMP/Finished Pharmaceuticals/Adulterated,,
09/05/2023,08/23/2023,"Osmosis, LLC",Division of Human and Animal Food Operations East IV,Unapproved New Drugs/Misbranded,,
09/14/2023,09/14/2023,ZiipStock,Center for Tobacco Products,Family Smoking Prevention and Tobacco Control Act/New Tobacco Product W/O Marketing Authorization/Adulterated/Misbranded,,
09/14/2023,09/14/2023,Smoxygen Inc,Center for Tobacco Products,Family Smoking Prevention and Tobacco Control Act/New Tobacco Product W/O Marketing Authorization/Adulterated/Misbranded,,
09/14/2023,09/14/2023,Access Vapor LLC d/b/a Cali Pods,Center for Tobacco Products,Family Smoking Prevention and Tobacco Control Act/New Tobacco Product W/O Marketing Authorization/Adulterated/Misbranded,,
09/14/2023,09/14/2023,Day 2 Day LLC d/b/a Day 2 Day Tobacco,Center for Tobacco Products,Family Smoking Prevention and Tobacco Control Act/New Tobacco Product W/O Marketing Authorization/Adulterated/Misbranded,,
09/14/2023,09/14/2023,"Half Empty, LLC d/b/a Vape Street",Center for Tobacco Products,Family Smoking Prevention and Tobacco Control Act/New Tobacco Product W/O Marketing Authorization/Adulterated/Misbranded,,
09/14/2023,09/14/2023,Love Your Potion,Center for Tobacco Products,Family Smoking Prevention and Tobacco Control Act/New Tobacco Product W/O Marketing Authorization/Adulterated/Misbranded,,
09/14/2023,09/14/2023,Discount Vape Pen,Center for Tobacco Products,Family Smoking Prevention and Tobacco Control Act/New Tobacco Product W/O Marketing Authorization/Adulterated/Misbranded,,
09/14/2023,09/14/2023,Shenzhen Kanger Technology Co. Ltd. d/b/a Kangertech,Center for Tobacco Products,Family Smoking Prevention and Tobacco Control Act/New Tobacco Product W/O Marketing Authorization/Adulterated/Misbranded,,
09/14/2023,09/14/2023,Vape Shop,Center for Tobacco Products,Family Smoking Prevention and Tobacco Control Act/New Tobacco Product W/O Marketing Authorization/Adulterated/Misbranded,,
09/14/2023,09/14/2023,Apvapeshop Inc,Center for Tobacco Products,Family Smoking Prevention and Tobacco Control Act/New Tobacco Product W/O Marketing Authorization/Adulterated/Misbranded,,
09/14/2023,09/14/2023,Smoke Smart LLC,Center for Tobacco Products,Family Smoking Prevention and Tobacco Control Act/New Tobacco Product W/O Marketing Authorization/Adulterated/Misbranded,,
09/14/2023,09/14/2023,"2486808 Ontario, Inc. d/b/a Mister Vapor",Center for Tobacco Products,Family Smoking Prevention and Tobacco Control Act/New Tobacco Product W/O Marketing Authorization/Adulterated/Misbranded,,
09/14/2023,09/14/2023,Aladdin Smoke Shop LLC d/b/a Aladdin Glass & Vape,Center for Tobacco Products,Family Smoking Prevention and Tobacco Control Act/New Tobacco Product W/O Marketing Authorization/Adulterated/Misbranded,,
09/14/2023,09/14/2023,King Distribution LLC d/b/a Lava Vape USA,Center for Tobacco Products,Family Smoking Prevention and Tobacco Control Act/New Tobacco Product W/O Marketing Authorization/Adulterated/Misbranded,,
09/14/2023,09/14/2023,Main Smoke Shop Inc.,Center for Tobacco Products,Family Smoking Prevention and Tobacco Control Act/New Tobacco Product W/O Marketing Authorization/Adulterated/Misbranded,,
09/14/2023,09/14/2023,Smoke City Vapes,Center for Tobacco Products,Family Smoking Prevention and Tobacco Control Act/New Tobacco Product W/O Marketing Authorization/Adulterated/Misbranded,,
09/14/2023,09/14/2023,The Vape Giant,Center for Tobacco Products,Family Smoking Prevention and Tobacco Control Act/New Tobacco Product W/O Marketing Authorization/Adulterated/Misbranded,,
09/14/2023,09/14/2023,LA Vape Co,Center for Tobacco Products,Family Smoking Prevention and Tobacco Control Act/New Tobacco Product W/O Marketing Authorization/Adulterated/Misbranded,,
09/07/2023,09/07/2023,AAA Strate Vape,Center for Tobacco Products,Family Smoking Prevention and Tobacco Control Act/Adulterated/Misbranded,,
08/22/2023,08/08/2023,Source-Omega LLC,Division of Human and Animal Food Operations East V,New Drug/Misbranded,,
09/14/2023,09/14/2023,Gorilla Vapes of Egg Harbor,Center for Tobacco Products,Family Smoking Prevention and Tobacco Control Act/Adulterated/Misbranded,,
09/14/2023,09/14/2023,"Agera Tobacco, Inc.",Center for Tobacco Products,Family Smoking Prevention and Tobacco Control Act/Adulterated/Misbranded,,
09/29/2023,09/25/2023,Shot of Joy LLC,Center for Drug Evaluation and Research | CDER,Unapproved New Drugs/Misbranded,,
09/28/2023,09/28/2023,"KingPin Cigarettes, Inc. d/b/a Blackhat Vapor Company",Center for Tobacco Products,Family Smoking Prevention and Tobacco Control Act/Adulterated/Misbranded,,
09/28/2023,09/28/2023,Caribbean Cloud Dot Com d/b/a Gorilla Vapes LLC,Center for Tobacco Products,Family Smoking Prevention and Tobacco Control Act/Adulterated/Misbranded,,
09/28/2023,09/28/2023,"The Vaping Dragon, LLC",Center for Tobacco Products,Family Smoking Prevention and Tobacco Control Act/Adulterated/Misbranded,,
09/29/2023,09/28/2023,"Infinant Health, Inc formerly Evolve Biosystems Inc.",Center for Biologics Evaluation and Research (CBER),Unapproved New Drugs/Misbranded,,
09/29/2023,09/07/2023,"Oceanitan, Inc.",Division of Human and Animal Food Operations West V,"CGMP/Manufacturing, Packing or Holding Human Food/Adulterated/Insanitary Conditions",,
09/29/2023,09/20/2023,"Southern Tier Home Infusion, Inc. dba Pharmacy Innovations",Division of Pharmaceutical Quality Operations I,Compounding Pharmacy/Adulterated Drug Products,,
09/29/2023,09/18/2023,"Signature Biologics, LLC",Division of Biological Products Operations II,"Deviations/CFR/Regulations for Human Cells, Tissues & Cellular Products (HCT/Ps)",,
09/29/2023,09/14/2023,Fresenius Kabi AG,Division of Biological Products Operations I,CGMP Deviations ,,
09/29/2023,09/20/2023,"Luis Javier Pena-Hernandez, M.D., FCCP",Center for Drug Evaluation and Research | CDER,Clinical Investigator,,
10/03/2023,08/04/2023,Day Light Nutrition,Division of Human and Animal Food Operations West II,New Drug/Misbranded,,
09/15/2023,09/14/2023,Captivape LLC,Center for Tobacco Products,Family Smoking Prevention and Tobacco Control Act/Adulterated/Misbranded,,
09/15/2023,09/14/2023,Advanced Vapor,Center for Tobacco Products,Family Smoking Prevention and Tobacco Control Act/Adulterated/Misbranded,,
09/19/2023,09/11/2023,"Kor-Chem, Inc.",Division of Pharmaceutical Quality Operations II,CGMP/Finished Pharmaceuticals/Adulterated,,
09/19/2023,08/21/2023,"VCI Enterprise, Inc d/b/a DRIPTECH",Center for Tobacco Products,Family Smoking Prevention and Tobacco Control Act/Adulterated/Misbranded,,
09/19/2023,09/14/2023,Maison Blanche LLC,Center for Drug Evaluation and Research | CDER,Refusal to Provide Access to and Copying of Records,,
09/19/2023,08/01/2023,"Moorish Science Temple, The Divine and National Movement of North America, Inc; #13 The Moorish American National Republic dba Moor Herbs, Inc.",Division of Human and Animal Food Operations East VI,Unapproved New Drugs/Misbranded,,
09/19/2023,09/01/2023,PureChemPros LLC,Division of Pharmaceutical Quality Operations IV,CGMP/Finished Pharmaceuticals/Adulterated,,
09/19/2023,09/12/2023,Walgreen Company,Center for Drug Evaluation and Research | CDER,Failure to Register and List,,
09/12/2023,08/21/2023,RickinmortyBars,Center for Tobacco Products,Family Smoking Prevention and Tobacco Control Act/Adulterated/Misbranded,,
09/12/2023,09/01/2023,Vape Society Supply,Center for Tobacco Products,Family Smoking Prevention and Tobacco Control Act/Adulterated/Misbranded,,
09/12/2023,07/18/2023,"Del Valle Import & Export 3, Inc. DBA El Progreso Imports",Division of West Coast Imports,Foreign Supplier Verification Program (FSVP),,
09/12/2023,09/05/2023,"Safecor Health, LLC",Division of Pharmaceutical Quality Operations I,CGMP/Finished Pharmaceuticals/Adulterated,,
09/12/2023,09/11/2023,"TRP Company, Inc",Center for Drug Evaluation and Research | CDER,Unapproved New Drugs/Misbranded,,
09/12/2023,09/11/2023,"Natural Ophthalmics, Inc.",Center for Drug Evaluation and Research | CDER,Unapproved New Drugs/Misbranded,,
09/12/2023,09/11/2023,CVS Health,Center for Drug Evaluation and Research | CDER,Unapproved New Drugs/Misbranded,,
09/12/2023,09/11/2023,"Boiron, Inc.",Center for Drug Evaluation and Research | CDER,Unapproved New Drugs/Misbranded,,
09/12/2023,09/11/2023,"DR Vitamins, LLC dba DR Vitamin Solutions",Center for Drug Evaluation and Research | CDER,Unapproved New Drugs/Misbranded,,
09/12/2023,09/11/2023,Similasan AG,Center for Drug Evaluation and Research | CDER,CGMP/Finished Pharmaceuticals/Adulterated/Unapproved New Drug,,
09/12/2023,09/11/2023,"Walgreens Boots Alliance, Inc.",Center for Drug Evaluation and Research | CDER,Unapproved New Drugs/Misbranded,,
09/12/2023,09/11/2023,OcluMed LLC,Center for Drug Evaluation and Research | CDER,Unapproved New Drugs/Misbranded,,
07/18/2023,06/28/2023,Fuller Industries Inc.,Division of Pharmaceutical Quality Operations III,CGMP/Finished Pharmaceuticals/Adulterated,,
07/18/2023,06/27/2023,Edge Biologicals Inc.,Division of Medical Device and Radiological Health Operations Central,CGMP/QSR/Medical Devices/Adulterated,,
07/18/2023,06/22/2023,"Ocalsa Transport & Logistics, LLC",Division of Southwest Imports,Foreign Supplier Verification Program (FSVP),,
07/13/2023,07/13/2023,"The National Tobacco Alliance, Inc. d/b/a KC Smoke & Vape",Center for Tobacco Products,Family Smoking Prevention and Tobacco Control Act/Adulterated/Misbranded,,
07/13/2023,07/13/2023,Vapor Sense League City,Center for Tobacco Products,Family Smoking Prevention and Tobacco Control Act/Adulterated/Misbranded,,
08/01/2023,07/28/2023,Intas Pharmaceuticals Limited,Center for Drug Evaluation and Research | CDER,CGMP/Finished Pharmaceuticals/Adulterated,,
08/01/2023,07/17/2023,"LXR Biotech, LLC",Division of Pharmaceutical Quality Operations III,CGMP/Finished Pharmaceuticals/Adulterated,,
08/01/2023,06/21/2023,"Porfirios Italian Foods, Inc.",Division of Human and Animal Food Operations East II,"CGMP/Food/Prepared, Packed or Held Under Insanitary Conditions/Adulterated",,
08/01/2023,07/19/2023,La Yongjia Trade Co.,Division of West Coast Imports,Foreign Supplier Verification Program (FSVP),,
08/01/2023,07/14/2023,Premier Food Supplies LLC,Division of Northern Border Imports,Foreign Supplier Verification Program (FSVP),,
08/01/2023,07/20/2023,"Iso-Tex Diagnostics, Inc.",Division of Pharmaceutical Quality Operations II,CGMP/Finished Pharmaceuticals/Adulterated,,
08/01/2023,07/25/2023,Baxter Healthcare Corporation,Center for Drug Evaluation and Research | CDER,CGMP/Finished Pharmaceuticals/Adulterated,,
08/03/2023,08/03/2023,Wise Vice LLC dba Wise Vice Vapors,Center for Tobacco Products,Family Smoking Prevention and Tobacco Control Act/Adulterated/Misbranded,,
08/03/2023,08/03/2023,Dot Com Vapor,Center for Tobacco Products,Family Smoking Prevention and Tobacco Control Act/Adulterated/Misbranded,,
08/15/2023,07/26/2023,"Denison Pharmaceuticals, LLC",Division of Pharmaceutical Quality Operations I,CGMP/Finished Pharmaceuticals/Adulterated,,
08/15/2023,08/07/2023,"Laavo Clean, S.A. de C.V.",Center for Drug Evaluation and Research | CDER,CGMP/Finished Pharmaceuticals/Adulterated,,
08/15/2023,04/07/2023,STPCA Inc. dba Sun Ten Laboratories,Division of Human and Animal Food Operations West V,Unapproved New Drugs/Misbranded,,
08/15/2023,06/02/2023,"Hekma Center, LLC",Center for Food Safety and Applied Nutrition (CFSAN),New Drugs/Dietary Supplements/Food Labeling/Misbranded,,
08/15/2023,07/17/2023,Integra LifeSciences Corporation,Division of Medical Device and Radiological Health Division I,CGMP/QSR/Medical Devices/Adulterated,,
08/15/2023,08/09/2023,CalmCo LLC previously named Ketomi LLC,Center for Drug Evaluation and Research | CDER,Unapproved New Drugs/Misbranded,,
06/27/2023,06/08/2023,"Safe Chain Solutions, LLC",Division of Pharmaceutical Quality Operations I,Drug Product/Adulterated,,
06/27/2023,06/09/2023,Schwebel Baking Company,Division of Human and Animal Food Operations East V,"CGMP/Manufacturing, Packing or Holding Human Food/Adulterated/Insanitary Conditions",,
06/27/2023,06/22/2023,Suprimo Imports,Center for Drug Evaluation and Research | CDER,Unapproved New Drugs/Misbranded,,
06/27/2023,06/20/2023,"Chengdu KeCheng Fine Chemicals Co., Ltd.",Center for Drug Evaluation and Research | CDER,CGMP/Active Pharmaceutical Ingredient (API)/Adulterated,,
07/05/2023,06/29/2023,Exclusive Hemp Farms/Oshipt.com,Center for Food Safety and Applied Nutrition (CFSAN),Interstate Commerce/Food/Adulterated,,
07/05/2023,06/29/2023,"North Carolina Hemp Exchange, LLC dba NC Hemp Shoppe",Center for Food Safety and Applied Nutrition (CFSAN),Interstate Commerce/Food/Adulterated,,
07/05/2023,06/29/2023,"Dr. Smoke, LLC aka Dr. S, LLC",Center for Food Safety and Applied Nutrition (CFSAN),Interstate Commerce/Food/Adulterated,,
07/05/2023,06/29/2023,Delta Munchies LLC,Center for Food Safety and Applied Nutrition (CFSAN),Interstate Commerce/Food/Adulterated,,
07/05/2023,06/29/2023,"Nikte’s Wholesale, LLC",Center for Food Safety and Applied Nutrition (CFSAN),Interstate Commerce/Food/Adulterated,,
07/05/2023,06/29/2023,The Haunted Vapor Room,Center for Food Safety and Applied Nutrition (CFSAN),Interstate Commerce/Food/Adulterated,,
06/22/2023,06/16/2023,United Zone Store,Center for Tobacco Products,Family Smoking Prevention and Tobacco Control Act/Adulterated/Misbranded,,
06/22/2023,06/16/2023,Milu 1 Inc. d/b/a Peace Novelty,Center for Tobacco Products,Family Smoking Prevention and Tobacco Control Act/Adulterated/Misbranded,,
06/22/2023,06/16/2023,"EZPuff Vapor Labs, LLC",Center for Tobacco Products,Family Smoking Prevention and Tobacco Control Act/Adulterated/Misbranded,,
06/22/2023,06/16/2023,Kissy Vape,Center for Tobacco Products,Family Smoking Prevention and Tobacco Control Act/Adulterated/Misbranded,,
06/22/2023,06/15/2023,"South Florida Vape, LLC and Flovape",Center for Tobacco Products,Family Smoking Prevention and Tobacco Control Act/Adulterated/Misbranded,,
06/22/2023,06/16/2023,Vape Corp LLC d/b/a Blue Diamond Vapors,Center for Tobacco Products,Family Smoking Prevention and Tobacco Control Act/Adulterated/Misbranded,,
06/22/2023,06/16/2023,"N2G2, LLC d/b/a The Hookah",Center for Tobacco Products,Family Smoking Prevention and Tobacco Control Act/Adulterated/Misbranded,,
06/22/2023,06/16/2023,Smoke and Vape LLC,Center for Tobacco Products,Family Smoking Prevention and Tobacco Control Act/Adulterated/Misbranded,,
06/22/2023,06/16/2023,Selon Company Limited d/b/a Elf Bar Flavors,Center for Tobacco Products,Family Smoking Prevention and Tobacco Control Act/Adulterated/Misbranded,,
06/22/2023,06/16/2023,Phoenix Vaping Ltd.,Center for Tobacco Products,Family Smoking Prevention and Tobacco Control Act/Adulterated/Misbranded,,
06/22/2023,06/15/2023,F & N Trading 1 Inc. d/b/a/ Puffholic,Center for Tobacco Products,Family Smoking Prevention and Tobacco Control Act/Adulterated/Misbranded,,
02/28/2023,02/03/2023,Jackson Health & Wellness Clinic,Division of Human and Animal Food Operations East V,New Drug/Misbranded,,08/04/2023
06/16/2023,06/15/2023,Mid Cities Vapor LLC,Center for Tobacco Products,Family Smoking Prevention and Tobacco Control Act/Adulterated/Misbranded,,
08/01/2023,07/20/2023,Medgel Private Limited,Center for Drug Evaluation and Research | CDER,CGMP/Finished Pharmaceuticals/Adulterated,,
08/01/2023,07/18/2023,"Avlon Industries, Inc.",Division of Pharmaceutical Quality Operations III,CGMP/Finished Pharmaceuticals/Adulterated,,
08/01/2023,07/25/2023,Centaur Pharmaceuticals Private Ltd.,Center for Drug Evaluation and Research | CDER,CGMP/Finished Pharmaceuticals/Adulterated,,
08/01/2023,07/13/2023,"Jamol Laboratories, Inc.",Division of Pharmaceutical Quality Operations I,CGMP/Finished Pharmaceuticals/Adulterated,,
08/08/2023,07/26/2023,"US Specialty Formulations, LLC",Division of Pharmaceutical Quality Operations I,Compounding Pharmacy/Adulterated Drug Products,,
08/08/2023,08/03/2023,"Fancystage Unipessoal, LDA",Center for Drug Evaluation and Research | CDER,CGMP/Finished Pharmaceuticals/Adulterated,,
08/08/2023,08/03/2023,Avaria Health & Beauty Corp.,Center for Drug Evaluation and Research | CDER,CGMP/Finished Pharmaceuticals/Adulterated,,
08/08/2023,08/03/2023,LCC Ltd.,Center for Drug Evaluation and Research | CDER,CGMP/Finished Pharmaceuticals/Adulterated,,
08/08/2023,08/03/2023,Suhan Aerosol,Center for Drug Evaluation and Research | CDER,CGMP/Finished Pharmaceuticals/Adulterated,,
08/08/2023,07/21/2023,STC India Private Limited,Center for Food Safety and Applied Nutrition (CFSAN),"CGMP/Food/Prepared, Packed or Held Under Insanitary Conditions/Adulterated",,
08/08/2023,08/03/2023,KM Pharmaceutical Co. Ltd.,Center for Drug Evaluation and Research | CDER,Refusal to Provide Access to and Copying of Records,,
08/08/2023,08/03/2023,Orchid Lifesciences,Center for Drug Evaluation and Research | CDER,CGMP/Finished Pharmaceuticals/Adulterated,,
08/08/2023,08/03/2023,Tan Alize Kozmetik Ve Temizlik Urunleri,Center for Drug Evaluation and Research | CDER,CGMP/Finished Pharmaceuticals/Adulterated,,
08/08/2023,08/03/2023,"Sangleaf Pharm., Co. Ltd.",Center for Drug Evaluation and Research | CDER,Failure to Provide Information,,
08/08/2023,08/04/2023,"Cergomex Imports, LLC",Center for Drug Evaluation and Research | CDER,Refusal to Provide Access to and Copying of Records,,
08/08/2023,08/03/2023,Skyline Herbals Private Limited,Center for Drug Evaluation and Research | CDER,Refusal to Provide Access to and Copying of Records,,
08/08/2023,08/03/2023,Daxal Cosmetics Private Limited,Center for Drug Evaluation and Research | CDER,Refusal to Provide Access to and Copying of Records,,
08/08/2023,08/04/2023,GTP International Corp,Center for Drug Evaluation and Research | CDER,Refusal to Provide Access to and Copying of Records,,
08/15/2023,08/15/2023,"Nubilus Vapor, LLC",Center for Tobacco Products,Family Smoking Prevention and Tobacco Control Act/Adulterated/Misbranded,,
08/15/2023,08/09/2023,"ALVA-AMCO Pharmacal Companies, LLC",Office of Unapproved Drugs and Labeling Compliance,Unapproved New Drugs/Misbranded,,
12/13/2023,12/12/2023,Stone Retail LLC,Center for Tobacco Products,Family Smoking Prevention and Tobacco Control Act/Adulterated/Misbranded,,
12/13/2023,12/12/2023,The Smoky Box LLC,Center for Tobacco Products,Family Smoking Prevention and Tobacco Control Act/Adulterated/Misbranded,,
12/13/2023,12/12/2023,"A & S Tacna, Inc. d/b/a Vape Mobs",Center for Tobacco Products,Family Smoking Prevention and Tobacco Control Act/Adulterated/Misbranded,,
12/13/2023,12/12/2023,Smoker's World of Hollywood,Center for Tobacco Products,Family Smoking Prevention and Tobacco Control Act/Adulterated/Misbranded,,
12/13/2023,12/12/2023,"NFV, LLC d/b/a NFDVapes and Nic Fix Doctor",Center for Tobacco Products,Family Smoking Prevention and Tobacco Control Act/Adulterated/Misbranded,,
12/13/2023,12/12/2023,"District Vape Supply, LLC d/b/a VapeMasterz",Center for Tobacco Products,Family Smoking Prevention and Tobacco Control Act/Adulterated/Misbranded,,
12/13/2023,12/12/2023,Huff Vape LLC d/b/a Huff Vape,Center for Tobacco Products,Family Smoking Prevention and Tobacco Control Act/Adulterated/Misbranded,,
12/13/2023,12/12/2023,M N T LLC d/b/a ZMARKSTHESPOT,Center for Tobacco Products,Family Smoking Prevention and Tobacco Control Act/Adulterated/Misbranded,,
12/13/2023,12/12/2023,Vapes Xpress LLC,Center for Tobacco Products,Family Smoking Prevention and Tobacco Control Act/Adulterated/Misbranded,,
12/13/2023,12/12/2023,Vape Hoop,Center for Tobacco Products,Family Smoking Prevention and Tobacco Control Act/Adulterated/Misbranded,,
12/13/2023,12/12/2023,Vape Closeouts,Center for Tobacco Products,Family Smoking Prevention and Tobacco Control Act/Adulterated/Misbranded,,
07/06/2023,07/06/2023,Team Full Steam LLC d/b/a Full Steam Vapor,Center for Tobacco Products,Family Smoking Prevention and Tobacco Control Act/Adulterated/Misbranded,,
07/11/2023,06/21/2023,"ZYTO Technologies, Inc.",Division of Medical Device and Radiological Health Operations West,Investigational Device Exemptions (IDE)/Premarket Approval Application (PMA) Adulterated Device,,
07/11/2023,03/17/2023,"Brand Packaging Group, Inc.",Division of Human and Animal Food Operations East I,"CGMP/Manufacturing, Packaging, Labeling, or Holding Operations for Dietary Supplements/Adulterated",,
07/27/2023,07/27/2023,"EC Supply, Inc.",Center for Tobacco Products,Family Smoking Prevention and Tobacco Control Act/Adulterated/Misbranded,,
07/27/2023,07/27/2023,ABS Distribution Inc.,Center for Tobacco Products,Family Smoking Prevention and Tobacco Control Act/Adulterated/Misbranded,,
07/27/2023,07/27/2023,"Easy Wholesale, LLC",Center for Tobacco Products,Family Smoking Prevention and Tobacco Control Act/Adulterated/Misbranded,,
07/25/2023,07/21/2023,"Gadget Island, Inc.",Center for Drug Evaluation and Research | CDER,Unapproved New Drugs/Misbranded,,
07/25/2023,06/22/2023,"Five Leaf Pet Botanicals, Inc.",Center for Veterinary Medicine,Unapproved New Animal Drug Products,,
07/25/2023,07/18/2023,"Koi CBD, LLC",Division of Human and Animal Food Operations West V,Adulterated Human Foods/Misbranded,,
07/25/2023,06/30/2023,"Baits and Sea Foods, S.A.",Center for Food Safety and Applied Nutrition (CFSAN),Seafood HACCP/CGMP for Foods/Adulterated/Insanitary Conditions,,
07/25/2023,07/20/2023,Wise Women’s Choice,Center for Drug Evaluation and Research | CDER,Unapproved New Drugs/Misbranded,,
07/25/2023,06/05/2023,"Stratus Biosystems, LLC dba CellGenuity Regenerative Science",Division of Biological Products Operations II,"Deviations/CFR/Regulations for Human Cells, Tissues & Cellular Products (HCT/Ps)",,
07/25/2023,07/07/2023,"Northland Vapor Company, LLC",Division of Human and Animal Food Operations West I,"CGMP/Food/Prepared, Packed or Held Under Insanitary Conditions/Adulterated",,
07/27/2023,07/27/2023,Smooth Vapes Hawaii,Center for Tobacco Products,Family Smoking Prevention and Tobacco Control Act/Adulterated/Misbranded,,
07/27/2023,07/27/2023,Stella Blues Vapors Inc,Center for Tobacco Products,Family Smoking Prevention and Tobacco Control Act/Adulterated/Misbranded,,
06/08/2023,06/08/2023,Everything Vapor,Center for Tobacco Products,Family Smoking Prevention and Tobacco Control Act/Adulterated/Misbranded,,
06/08/2023,06/08/2023,"LB Vision Holdings, Inc. d/b/a VaperMate #206, LLC",Center for Tobacco Products,Family Smoking Prevention and Tobacco Control Act/Adulterated/Misbranded,,
07/20/2023,07/20/2023,Mountain Vaporz LLC,Center for Tobacco Products,Family Smoking Prevention and Tobacco Control Act/Adulterated/Misbranded,,
07/18/2023,07/06/2023,"Bella Mia Foods, Inc.",Division of Northeast Imports,Foreign Supplier Verification Program (FSVP),,
07/18/2023,06/05/2023,Centaur Pharmaceuticals Private Ltd.,Center for Drug Evaluation and Research | CDER,CGMP/Active Pharmaceutical Ingredient (API)/Adulterated,,
07/18/2023,06/30/2023,Wisetrade Corporation,Division of West Coast Imports,Foreign Supplier Verification Program (FSVP),,
07/18/2023,06/28/2023,"Eden’s Answers, Inc.",Division of Human and Animal Food Operations East V,CGMP/Dietary Supplement/Adulterated,,
07/18/2023,07/05/2023,"Outset Medical, Inc.",Center for Devices and Radiological Health,Premarket Approval/Adulterated,,
07/21/2023,07/20/2023,Vapor Sense LLC d/b/a Vapor Sense E-Cigs & Supplies,Center for Tobacco Products,Family Smoking Prevention and Tobacco Control Act/Adulterated/Misbranded,,
04/25/2023,03/08/2023,Spartan Enterprises Inc. dba Watershed Wellness Center,Division of Human and Animal Food Operations East VI,Unapproved New Drugs/Misbranded,,
07/25/2023,06/14/2023,Cheshni Foods LLC,Division of Northern Border Imports,Foreign Supplier Verification Program (FSVP),,
12/12/2023,05/22/2023,"Nutra Blend, LLC subsidiary of Land O’Lakes",Division of Human and Animal Food Operations West II,CGMP/Medicated Feeds/Adulterated,,
12/12/2023,12/01/2023,"ZOVOO Technology Co., Ltd. Shenzhen",Center for Tobacco Products,Family Smoking Prevention and Tobacco Control Act/Adulterated/Misbranded,,
12/12/2023,12/01/2023,"K & C Aitken, LLC dba Elysian Labs Distribution, Inc.",Center for Tobacco Products,Family Smoking Prevention and Tobacco Control Act/Adulterated/Misbranded,,
12/12/2023,12/07/2023,"Novid Group, Inc.",Center for Drug Evaluation and Research | CDER,CGMP/Finished Pharmaceuticals/Adulterated/Misbranded,,
12/07/2023,12/07/2023,Mountain Oak Vapors LLC,Center for Tobacco Products,Family Smoking Prevention and Tobacco Control Act/Adulterated/Misbranded,,
01/02/2024,11/06/2023,Lone Star Botanicals Inc.,Division of Human and Animal Food Operations East III,"CGMP/Food/Prepared, Packed or Held Under Insanitary Conditions/Adulterated",,
01/02/2024,12/15/2023,"Inopak, Ltd.",Division of Pharmaceutical Quality Operations I,CGMP/Finished Pharmaceuticals/Adulterated,,
12/26/2023,12/05/2023,"Colonial Dames Company, Ltd",Division of Pharmaceutical Quality Operations IV,CGMP/Finished Pharmaceuticals/Adulterated,,
12/26/2023,11/13/2023,Sudesan Temizlik Urunleri Ve Ambalaj Sanaryi Ticaret Anomin Sirketi,Center for Drug Evaluation and Research | CDER,CGMP/Finished Pharmaceuticals/Adulterated,,
12/26/2023,12/21/2023,Botanical Be,Center for Drug Evaluation and Research | CDER,Finished Pharmaceuticals/Unapproved New Drug/Misbranded,,
12/26/2023,12/22/2023,East Fork Cultivars,Office of Unapproved Drugs and Labeling Compliance,Finished Pharmaceuticals/Unapproved New Drug/Misbranded,,
12/26/2023,12/21/2023,"Wipro Unza Singapore Private, Limited",Drug,Refusal to Provide Access to and Copying of Records,,
12/26/2023,12/07/2023,Dextrum Laboratories Inc.,Division of Pharmaceutical Quality Operations II,CGMP/Finished Pharmaceuticals/Adulterated,,
12/26/2023,11/24/2023,"Cooperstown Cheese Company, LLC",Division of Human and Animal Food Operations East I,"CGMP/Food/Prepared, Packed or Held Under Insanitary Conditions/Adulterated/L. monocytogenes",,
12/26/2023,12/20/2023,"Amazon.com, Inc.",Center for Drug Evaluation and Research | CDER,Finished Pharmaceuticals/Unapproved New Drug/Misbranded,,
12/26/2023,12/05/2023,"US Gulf Coast Trading Co., Inc.",Division of Human and Animal Food Operations West III,"CGMP/Food/Prepared, Packed or Held Under Insanitary Conditions/Adulterated",,
12/26/2023,12/20/2023,"Hua Da Trading, Inc.",Center for Drug Evaluation and Research | CDER,Finished Pharmaceuticals/Unapproved New Drug/Misbranded,,
12/26/2023,12/12/2023,"Anish S. Shah, M.D./Siyan Clinical Research",Center for Drug Evaluation and Research | CDER,Clinical Investigator,,
12/26/2023,09/20/2023,Kyawkhin Inc.,Division of Northern Border Imports,Foreign Supplier Verification Program (FSVP),,
12/26/2023,12/15/2023,Patcos Cosmetics Pvt. Ltd.,Center for Drug Evaluation and Research | CDER,CGMP/Finished Pharmaceuticals/Adulterated,,
12/26/2023,12/12/2023,Omeza LLC,Office of Pharmaceutical Quality,CGMP/Finished Pharmaceuticals/Adulterated,,
12/26/2023,11/01/2023,Terragene S.A.,Center for Devices and Radiological Health,CGMP/QSR/Medical Devices/Adulterated,,
12/26/2023,11/30/2023,Distribuidora Jocorena Inc.,Division of Northeast Imports,Foreign Supplier Verification Program (FSVP),,
01/09/2024,12/14/2023,www.trinexpharmacy.com,Center for Drug Evaluation and Research | CDER,Finished Pharmaceuticals/Unapproved New Drug/Misbranded,,
01/04/2024,09/01/2023,"Kimera Labs, Inc.",Division of Biological Products Operations I,Investigational Device Exemptions (IDE),,
01/09/2024,11/07/2023,Deymed Diagnostic s.r.o.,"""OHT5: Office of Neurological and Physical Medicine Devices, Office of Product Evaluation and Quality""",CGMP/QSR/Medical Devices/Adulterated,,
01/09/2024,12/19/2023,"Jeffrey W. Taub, M.D./Children's Hospital of Michigan",Center for Drug Evaluation and Research | CDER,Clinical Investigator,,
01/09/2024,12/28/2023,Woorilife & Health,Center for Drug Evaluation and Research | CDER,CGMP/Finished Pharmaceuticals/Adulterated,,
01/09/2024,12/20/2023,"MiMedx Group, Inc.",Center for Biologics Evaluation and Research (CBER),"Deviations/CFR/Regulations for Human Cells, Tissues & Cellular Products (HCT/Ps)",,
01/09/2024,09/13/2023,"Curexa – East, LLC dba Curexa",Office of Pharmaceutical Quality,Compounding Pharmacy/Adulterated Drug Products,,
01/16/2024,12/20/2023,Samuel Rodriguez dba KiloKennelzz,Center for Veterinary Medicine,Unapproved New Animal Drug/Adulterated,,
08/22/2023,05/31/2023,Knobbe Cattle Company Inc.,Division of Human and Animal Food Operations West II,Illegal Drug Residue Animal Tissue/Adulterated,,01/19/2024
11/07/2023,10/27/2023,"Neurotris, Inc. dba A1 Engineering",Center for Devices and Radiological Health,Medical Device/Adulterated/Misbranded/Lacks PMA and/or 510(k),,
02/06/2024,11/17/2023,"Nantong Furuida Packaging Products Co., Ltd.",Center for Drug Evaluation and Research | CDER,CGMP/Finished Pharmaceuticals/Adulterated,,
01/23/2024,12/08/2023,China First Union d/b/a Beco Vape,Center for Tobacco Products,Family Smoking Prevention and Tobacco Control Act/Adulterated/Misbranded,,
01/23/2024,12/08/2023,Shenzhen Airis Electronic Co. Ltd.,Center for Tobacco Products,Family Smoking Prevention and Tobacco Control Act/Adulterated/Misbranded,,
02/21/2023,02/03/2023,Fischer Analysen Instrumente Gmbh,Center for Devices and Radiological Health,CGMP/QSR/Medical Devices/Adulterated,,
01/30/2024,11/14/2023,"Martin Farm, Konrad Martin",Division of Human and Animal Food Operations East VI,New Animal Drug/Adulterated,,
01/30/2024,11/28/2023,Marion Mullet Farm,Division of Human and Animal Food Operations East VI,New Animal Drug/Adulterated,,
01/30/2024,12/18/2023,A True Move LLC,Division of Southwest Imports,Foreign Supplier Verification Program (FSVP),,
01/30/2024,12/01/2023,JJR Global Inc.,Division of Southwest Imports,Foreign Supplier Verification Program (FSVP),,
01/30/2024,11/08/2023,Cavevi Naturals LLC,Division of Southwest Imports,Foreign Supplier Verification Program (FSVP),,
06/06/2023,05/26/2023,ImprimisRx NJ,Division of Pharmaceutical Quality Operations I,Compounding Pharmacy/Adulterated Drug Products,,
01/09/2024,08/25/2023,Neitz Instruments Company Ltd.,Center for Devices and Radiological Health,Medical Device Reporting/Misbranded,,02/28/2024
12/26/2023,09/22/2023,Sonesta Medical AB,Center for Devices and Radiological Health,CGMP/QSR/Medical Devices/Adulterated,,02/28/2024
08/15/2023,08/04/2023,AstraZeneca Pharmaceuticals LP,The Office of Prescription Drug Promotion (OPDP),False & Misleading Claims/Misbranded,,
02/13/2024,08/14/2023,"Battle Creek Co-op/CHS, LLC dba Progressive Nutrition",Division of Human and Animal Food Operations West II,CGMP/Hazard Analysis/Risk-Based Preventive Controls for Food for Animals (PCAF)/Adulterated,,
02/13/2024,10/18/2023,"Indian Groceries and Spices, Inc.",Division of Northern Border Imports,Foreign Supplier Verification Program (FSVP),,
02/13/2024,12/21/2023,Curtis Jacquot dba Pacific BioLogic Co.,Division of Human and Animal Food Operations West V,"CGMP/Manufacturing, Packaging, Labeling, or Holding Operations for Dietary Supplements/Adulterated",,
02/13/2024,12/15/2023,Iowa Egg Company Inc.,Division of Human and Animal Food Operations West II,PHS Act/Shell Egg Regulation/Adulterated,,
02/13/2024,09/07/2023,"Perfection Bakeries Inc., dba Aunt Millie’s Bakeries",Division of Human and Animal Food Operations East VI,"CGMP/Food/Prepared, Packed or Held Under Insanitary Conditions/Adulterated",,
03/05/2024,08/28/2023,Gilster-Mary Lee Corporation,Division of Human and Animal Food Operations East VI,Food Labeling/Misbranded,,
03/05/2024,11/03/2023,"Trang Thuy Seafood Co., LTD",Center for Food Safety and Applied Nutrition (CFSAN),Seafood HACCP/CGMP for Foods/Adulterated/Insanitary Conditions,,03/06/2024
03/05/2024,06/15/2023,"Healthtex Distributors, Inc.",Division of Human and Animal Food Operations East IV,"CGMP/Manufacturing, Packaging, Labeling, or Holding Operations for Dietary Supplements/Adulterated",,03/06/2024
04/25/2023,03/28/2023,"Pop Daddy Popcorn, LLC",Division of Human and Animal Food Operations East VI,"CGMP/Food/Prepared, Packed or Held Under Insanitary Conditions/Adulterated",,02/12/2024
10/24/2023,08/21/2023,"Suther Feeds, Inc.",Division of Human and Animal Food Operations West II,CGMP/Medicated Feeds/Adulterated,,03/12/2024
07/25/2023,07/24/2023,"BC Food LA, LLC, DBA B & C Food Co.",Division of West Coast Imports,Foreign Supplier Verification Program (FSVP),,
11/07/2023,10/31/2023,Acrostak Schweiz AG,Center for Devices and Radiological Health,CGMP/QSR/Medical Devices/Adulterated,,
12/26/2023,09/11/2023,"Desserts by Helen, Inc.",Division of Human and Animal Food Operations East V,"CGMP/Food/Prepared, Packed or Held Under Insanitary Conditions/Adulterated",,03/18/2024
03/28/2023,03/24/2023,Liberty Fruit Co. Inc. DBA Carol’s Cuts,Division of Human and Animal Food Operations West II,Juice HACCP/CGMP for Foods/Adulterated/Insanitary Conditions,,
06/20/2023,06/12/2023,"Lacteos Mi Chalatenango, Inc.",Division of Northern Border Imports,Foreign Supplier Verification Program (FSVP),,
